Workbook

Sheet KET
A1: NO | B1: NAMA TOKO | C1: GRSM | D1: AREA | E1: NAMA TL | F1: CHANNEL GROUP | I1: PRODUCT | J1: VARIANT
A2: 1 | B2: MG CIANJUR | C2: GRSM 3A | D2: CIANJUR | E2: FAHMI LUKMANUL HAKIM | F2: GMM | I2: WOW | J2: CARBONARA
A3: =A2+1 -> 2 | B3: MULTI GROSIR STASIUN | C3: GRSM 3A | D3: SUKABUMI | E3: FAHMI LUKMANUL HAKIM | F3: GMM | I3: WOW | J3: BOLOGNESE
A4: =A3+1 -> 3 | B4: M ZAMZAM TK (M2) | C4: GRSM 4 | D4: TASIK | E4: FAHMI LUKMANUL HAKIM | F4: GMM
A5: =A4+1 -> 4 | B5: SAMUDRA BANJAR | C5: GRSM 4 | D5: BANJAR | E5: FAHMI LUKMANUL HAKIM | F5: GMM | I5: WOW | J5: AGLIO OLIO
A6: =A5+1 -> 5 | B6: MITRA INDAH | C6: GRSM 4 | D6: KUNINGAN | E6: FAHMI LUKMANUL HAKIM | F6: GMM | I6: WOW | J6: GORENG
A7: =A6+1 -> 6 | B7: FAJAR JALAKSANA | C7: GRSM 4 | D7: KUNINGAN | E7: FAHMI LUKMANUL HAKIM | F7: GMM
A8: =A7+1 -> 7 | B8: PRATAMA PUTRA BANYURESMI | C8: GRSM 4 | D8: GARUT | E8: FAHMI LUKMANUL HAKIM | F8: GMM
A9: =A8+1 -> 8 | B9: PRATAMA PUTRA CIHUNI | C9: GRSM 4 | D9: GARUT | E9: FAHMI LUKMANUL HAKIM | F9: GMM
A10: =A9+1 -> 9 | B10: ASIA GARUT | C10: GRSM 4 | D10: GARUT | E10: FAHMI LUKMANUL HAKIM | F10: GMM
A11: =A10+1 -> 10 | B11: KAIRO | C11: GRSM 4 | D11: TASIK | E11: FAHMI LUKMANUL HAKIM | F11: GMM
A12: =A11+1 -> 11 | B12: KAIRO MAJALAYA | C12: GRSM 4 | D12: MAJALAYA | E12: FAHMI LUKMANUL HAKIM | F12: GMM
A13: =A12+1 -> 12 | B13: GRIYA SUMEDANG | C13: GRSM 4 | D13: BANDUNG | E13: FAHMI LUKMANUL HAKIM | F13: NKA
A14: =A13+1 -> 13 | B14: ASIA PLAZA TASIK | C14: GRSM 4 | D14: TASIKMALAYA | E14: FAHMI LUKMANUL HAKIM | F14: GMM
A15: =A14+1 -> 14 | B15: SAHABAT | C15: GRSM 4 | D15: KUNINGAN | E15: FAHMI LUKMANUL HAKIM | F15: GMM
A16: =A15+1 -> 15 | B16: TOKMA CADIKA SM. | C16: GRSM 4 | D16: SUBANG | E16: FAHMI LUKMANUL HAKIM | F16: GMM
A17: =A16+1 -> 16 | B17: YOGYA HZ* | C17: GRSM 4 | D17: TASIKMALAYA | E17: FAHMI LUKMANUL HAKIM | F17: GMM
A18: =A17+1 -> 17 | B18: YOGYA BANJAR * | C18: GRSM 4 | D18: BANJAR | E18: FAHMI LUKMANUL HAKIM | F18: GMM
... A43: =A42+1 -> 42 | B43: CHANDRA TANJUNG KARANG | C43: GRSM 2 | D43: LAMPUNG | E43: AFNITA SARI | F43: MT
A44: =A43+1 -> 43 | B44: #.PINUS MM BANJARBARU | C44: GRSM 7 | D44: BANJARMASIN | E44: INDRI | F44: GMM | I44: WOW
A45: =A44+1 -> 44 | B45: ADIJAYA TELUK | C45: GRSM 5 | D45: TEGAL | E45: SUPRIYATI | F45: GMM | I45: WOW
A46: =A45+1 -> 45 | B46: ASIA TOSERBA CIHIDENG | C46: GRSM 4 | D46: TASIKMALAYA | E46: FAHMI LUKMANUL HAKIM | F46: NKA | I46: WOW
A47: =A46+1 -> 46 | B47: BASA BANJARAN | C47: GRSM 5 | D47: TEGAL | E47: SUPRIYATI | F47: GMM | I47: WOW
A48: =A47+1 -> 47 | B48: BRAVO SUPERMARKET TULUNGAGUNG | C48: GRSM 6 | D48: TULUNGAGUNG | E48: MARTIKA MINTOROWATI | F48: GMM | I48: WOW
A49: =A48+1 -> 48 | B49: BRAVO SWALAYAN JATENG | C49: GRSM 5 | D49: BLORA | E49: SUPRIYATI | F49: GMM | I49: WOW
A50: =A49+1 -> 49 | B50: EKA SURYA PLAZA | C50: GRSM 5 | D50: PURBALINGGA | E50: SUPRIYATI | F50: GMM | I50: WOW
A51: =A50+1 -> 50 | B51: GUNASALMA 1 KAWALI | C51: GRSM 4 | D51: CIAMIS | E51: FAHMI LUKMANUL HAKIM | F51: GMM | I51: WOW
A52: =A51+1 -> 51 | B52: GUNASALMA 3 | C52: GRSM 4 | D52: TASIKMALAYA | E52: FAHMI LUKMANUL HAKIM | F52: GMM | I52: WOW
A53: =A52+1 -> 52 | B53: ISTANA TOSERBA | C53: GRSM 6 | D53: TULUNGAGUNG | E53: MARTIKA MINTOROWATI | F53: GMM | I53: WOW
A54: =A53+1 -> 53 | B54: LANGGAN MAJALAYA | C54: GRSM 4 | D54: MAJALAYA | E54: FAHMI LUKMANUL HAKIM | F54: GMM | I54: WOW
A55: =A54+1 -> 54 | B55: LUWES PURWODADI | C55: GRSM 5 | D55: REMBANG | E55: SUPRIYATI | F55: MT | I55: WOW
... A66: =A65+1 -> 65 | B66: YOVA GUNUNG MALANG | C66: GRSM 7 | D66: BALIKPAPAN | E66: INDRI | F66: GMM | I66: WOW
A67: 67 | B67: TRIO JAYA WONOSOBO | C67: GRSM 5 | D67: WONOSOBO | E67: SUPRIYATI | F67: GMM

Sheet Kode Outlet dan Target Toko
A1: GRSM | B1: RSM | C1: Kode Subdist | D1: Kode Outlet | E1: Nama Toko | F1: Target Sell Out SPG/day (value)
A2: GRSM 3A | B2: CIANJUR | C2: 211019 | D2: 1556924 | E2: MG CIANJUR | F2: 2000000
A3: GRSM 3A | B3: SUKABUMI | C3: 103272 | D3: 1178 | E3: MULTI GROSIR STASIUN | F3: 2000000
A4: GRSM 4 | B4: TASIK | C4: 103259 | D4: 9013525 | E4: M ZAMZAM TK (M2) | F4: 2000000
A5: GRSM 4 | B5: BANJAR | C5: 103258 | D5: 9210369 | E5: SAMUDRA BANJAR | F5: 2000000
A6: GRSM 4 | B6: KUNINGAN | C6: 103277 | D6: 6300538 | E6: MITRA INDAH | F6: 2000000
A7: GRSM 4 | B7: KUNINGAN | C7: 103277 | D7: 6301424 | E7: FAJAR JALAKSANA | F7: 2000000
A8: GRSM 4 | B8: TASIK | C8: 103259 | D8: 9029389 | E8: KAIRO | F8: 2000000
A9: GRSM 4 | B9: BANDUNG | C9: 490034 | D9: 209554 | E9: GRIYA SUMEDANG | F9: 2000000
A10: GRSM 4 | B10: MAJALAYA | C10: 103259 | D10: 9029389 | E10: KAIRO MAJALAYA | F10: 2000000
A11: GRSM 4 | B11: GARUT | C11: 189901 | D11: 1602016 | E11: ASIA GARUT | F11: 2000000
A12: GRSM 4 | B12: GARUT | C12: 103257 | D12: 9162509 | E12: PRATAMA PUTRA BANYURESMI | F12: 2000000
A13: GRSM 4 | B13: GARUT | C13: 103257 | D13: 9162509 | E13: PRATAMA PUTRA CIHUNI | F13: 2000000
... A74: GRSM 5 | B74: WONOSOBO | C74: 0 | D74: 0 | E74: TRIO JAYA WONOSOBO | F74: 2000000

Sheet Sheet1
A1: WEEK | B1: 28
A2: NAMA TL | B2: FAHMI LUKMANUL HAKIM
A4: Sum of TOTAL SELLING (RP) | B4: Column Labels
A5: Row Labels | B5: 46213 | C5: 46214 | D5: 46215 | E5: Grand Total
A6: ASIA GARUT | B6: 3168800 | C6: 2856000 | D6: 3400000 | E6: 9424800
A7: BUNGA | B7: 1584400 | C7: 1428000 | D7: 1700000 | E7: 4712400
A8: MAULIDA FHATIRRAHMAN | B8: 1584400 | C8: 1428000 | D8: 1700000 | E8: 4712400
A9: ASIA PLAZA TASIK | B9: 2332750 | C9: 2266100 | D9: 2756300 | E9: 7355150
A10: NURLAELA SITI SALEHA | B10: 1148100 | C10: 1150250 | D10: 1399650 | E10: 3698000
A11: RISKA APRILIANI | B11: 1184650 | C11: 1115850 | D11: 1356650 | E11: 3657150
A12: GRIYA SUMEDANG | B12: 1591650 | C12: 2023950 | D12: 1932250 | E12: 5547850
A13: LIA NUR FITRIANI | B13: 795825 | C13: 1011975 | D13: 966125 | E13: 2773925
A14: YULIAWATI | B14: 795825 | C14: 1011975 | D14: 966125 | E14: 2773925
A15: KAIRO MAJALAYA | B15: 2337000 | C15: 2313000 | D15: 2541000 | E15: 7191000
A16: MEISYA AYU ANDREANI | B16: 1209000 | C16: 1131000 | D16: 1251000 | E16: 3591000
A17: SINTA NURLAELA | B17: 1128000 | C17: 1182000 | D17: 1290000 | E17: 3600000
... A30: YOGYA HZ* | B30: 1650000 | C30: 2211000 | D30: 1320000 | E30: 5181000
A31: MIRA SARASWATI | B31: 825000 | C31: 1089000 | E31: 1914000
A32: NITA ARDIANTI | B32: 825000 | C32: 1122000 | D32: 660000 | E32: 2607000
A33: YUNI | D33: 660000 | E33: 660000
A34: Grand Total | B34: 16867800 | C34: 18720750 | D34: 19425750 | E34: 55014300

Sheet Sheet2
A1: WEEK | B1: 34
A2: NAMA TL | B2: (All)
A4: Sum of TOTAL SELLING (RP) | C4: TANGGAL
A5: NAMA TOKO | B5: NAMA SPG | C5: 46257 | D5: 46255 | E5: 46256 | F5: 46252 | G5: Grand Total
A6: PRATAMA PUTRA CIHUNI | B6: NENG NURJANAH | C6: 533200 | D6: 604560 | E6: 616900 | G6: 1754660
B7: ELSA TIAS NURPADILAH | C7: 527000 | D7: 589056 | E7: 604500 | G7: 1720556
A8: MG CIANJUR | B8: LIANI ISMIATI | D8: 800926 | E8: 980880 | F8: 2459726 | G8: 4241532
B9: ALDA AGUSTINA | D9: 800926 | E9: 980880 | F9: 2459726 | G9: 4241532
A10: LANGGAN MAJALAYA | B10: MEISYA AYU ANDREANI | C10: 666000 | D10: 594000 | E10: 642000 | G10: 1902000
B11: SINTA NURLAELA | C11: 678000 | D11: 564000 | E11: 621000 | G11: 1863000
A12: ASIA TOSERBA CIHIDENG | B12: NURLAELA SITI SALEHA | C12: 741750 | D12: 741750 | E12: 806250 | G12: 2289750
B13: RISKA APRILIANI | C13: 765400 | D13: 703050 | E13: 761100 | G13: 2229550
A14: MITRA BUANA PASAR WETAN | B14: MEGA FITRIA | C14: 255156 | D14: 211314 | E14: 59010 | G14: 525480
B15: DITA NINDIA | C15: 220362 | D15: 58908 | E15: 70812 | G15: 350082
A16: YOGYA GRAND SUBANG | B16: TITIN NURJANAH | C16: 1326375 | D16: 962850 | E16: 802375 | G16: 3091600
B17: TUTI NURHASANAH | C17: 1326375 | D17: 962850 | E17: 802375 | G17: 3091600
A18: GUNASALMA 3 | B18: YUNIATI | C18: 450000 | D18: 412000 | E18: 426000 | G18: 1288000
B19: SHOFA DWINA | C19: 450000 | D19: 412000 | E19: 426000 | G19: 1288000
A20: GUNASALMA 1 KAWALI | B20: GITA DEWI MEIYANI | C20: 372000 | D20: 294000 | E20: 692000 | G20: 1358000
B21: HANA | C21: 372000 | D21: 294000 | E21: 692000 | G21: 1358000
A22: BASA BANJARAN | B22: FHARADILLA APRIZIAH WARDANI | D22: 1182000 | E22: 1356000 | G22: 2538000
B23: SELLY SRI WULANDARI | C23: 1422000 | D23: 1182000 | E23: 1356000 | G23: 3960000
B24: SUGIARTI | C24: 1422000 | G24: 1422000
A25: TRIO PLAZA | B25: SRI PUJIYATI | C25: 834030 | D25: 831870 | E25: 839970 | G25: 2505870
B26: FENNI ROSANTI | C26: 834030 | D26: 831870 | E26: 839970 | G26: 2505870
A27: MUTIARA CAHAYA MEJASEM | B27: AINUN NAJIKHA | C27: 1351480 | D27: 1151150 | E27: 1312610 | G27: 3815240
B28: SHEILLA NAVISYA | C28: 1351480 | D28: 1151150 | E28: 1312610 | G28: 3815240
A29: #.PINUS MM BANJARBARU | B29: SALSHABILLA PUTERI HARIANTO | C29: 582400 | D29: 608000 | E29: 588800 | G29: 1779200
B30: ISNAWATI | C30: 582400 | D30: 608000 | E30: 588800 | G30: 1779200
B31: INDRIANING PUJI ASTUTI | C31: 582400 | D31: 608000 | E31: 588800 | G31: 1779200
A32: PLANET SWALAYAN.MM | B32: GADIS | C32: 863928 | D32: 422477 | E32: 633616 | G32: 1920021
B33: SUCITRAMADHANI MUKTHI | C33: 863928 | D33: 422477 | E33: 633616 | G33: 1920021
A34: TOP SWALAYAN | B34: JENNITA PUSPITA SARI | C34: 817150 | D34: 1300950 | E34: 840750 | G34: 2958850
B35: AYU FITRI WULANDARI | C35: 817150 | D35: 1300950 | E35: 840750 | G35: 2958850
A36: BRAVO SUPERMARKET TULUNGAGUNG | B36: RATNA DYAH OKTAVIANA | C36: 1519050 | D36: 1541850 | E36: 1410750 | G36: 4471650
B37: SUSMIATI | C37: 1519050 | D37: 1541850 | E37: 1410750 | G37: 4471650
A38: PRIMA SWALAYAN | B38: ELY NURAINI | C38: 870000 | D38: 756000 | E38: 858000 | G38: 2484000
B39: SITI KUSNUL | C39: 870000 | D39: 756000 | E39: 858000 | G39: 2484000
A40: CV TOP | B40: IKA PUSPITA YULIANI | C40: 501700 | D40: 442500 | E40: 484300 | G40: 1428500
B41: SUSI SUSANTI | C41: 501700 | D41: 442500 | E41: 484300 | G41: 1428500
A42: ISTANA TOSERBA | B42: YUNNYTA VINA LISTIA | C42: 695184 | D42: 892944 | E42: 781326 | G42: 2369454
B43: VIKA AMANDA WULANDARI | C43: 695184 | D43: 892944 | E43: 781326 | G43: 2369454
A44: LUWES GROUP | B44: LINA YUNIVA | C44: 296856 | D44: 259749 | E44: 630819 | G44: 1187424
B45: NANIK PRIYANTINI | C45: 228501 | D45: 273420 | E45: 515592 | G45: 1017513
A46: EKA SURYA PLAZA | B46: LUTFI OKITA RIZQI | C46: 1458000 | D46: 792000 | E46: 1206000 | G46: 3456000
B47: FELIA INES SAPUTRI | C47: 1458000 | D47: 792000 | E47: 1206000 | G47: 3456000
A48: ADIJAYA TELUK | B48: AYUDIA NOVA ARSILLA MAHARDANI | C48: 998400 | D48: 915200 | E48: 1004800 | G48: 2918400
B49: MAIA ANDIEN AGUSTINA | C49: 998400 | D49: 915200 | E49: 1004800 | G49: 2918400
A50: BRAVO SWALAYAN JATENG | B50: EVI VADILLA NUR CAHYANTI | C50: 619958 | D50: 539400 | E50: 591600 | G50: 1750958
B51: LILIN INDAH SARI | C51: 619958 | D51: 539400 | E51: 591600 | G51: 1750958
A52: LUWES PURWODADI | B52: ADELIA MEILYNA PUTRI | C52: 1159970 | D52: 1023680 | E52: 1261630 | G52: 3445280
B53: NADIA SILVIANA DEWI | C53: 1159970 | D53: 1023680 | E53: 1261630 | G53: 3445280
A54: YOVA GUNUNG MALANG | B54: DAHLYA RUSDIANTI | C54: 569600 | D54: 780750 | E54: 563200 | G54: 1913550
B55: ADE NOVILIANTI | C55: 569600 | D55: 780750 | E55: 563200 | G55: 1913550
A56: MAXI REGENCY | B56: AHDA MARDIYAH | C56: 576000 | D56: 688500 | E56: 716800 | G56: 1981300
B57: RENI SETIANA | C57: 576000 | D57: 688500 | E57: 716800 | G57: 1981300
A58: SAMI LARIS CILACAP | B58: HAULA LUTFIA MANSYAH | C58: 472000 | D58: 944000 | E58: 1062000 | G58: 2478000
B59: LINDA JULIANTI | C59: 472000 | D59: 944000 | E59: 1062000 | G59: 2478000
A60: TRIO JAYA WONOSOBO | B60: DIANA TRISNA SARI | C60: 442250 | D60: 1160000 | E60: 671000 | G60: 2273250
B61: ELA KOMALASARI | C61: 442250 | D61: 1160000 | E61: 671000 | G61: 2273250
A62: Grand Total | C62: 41297575 | D62: 42093901 | E62: 44085597 | F62: 4919452 | G62: 132396525

Sheet DAILY REPORT
A1: DAILY REPORT GMM WOW SPAGHETTI JSM
A2: *Pengisian dengan huruf CAPITAL | F2: : Jangan copas/edit ke tanda berwarna ini!
A5: ISI MANUAL | B5: RUMUS | C5: isi manual dengan format "18/05/26" | D5: RUMUS | E5: RUMUS | F5: RUMUS | G5: RUMUS | H5: RUMUS | I5: Pilihan | J5: ISI MANUAL | K5: Pilihan | L5: ISI MANUAL | M5: ISI MANUAL | N5: RUMUS | O5: ISI MANUAL
A6: WEEK | B6: BULAN | C6: TANGGAL | D6: GRSM | E6: NAMA TL | F6: CHANNEL GROUP | G6: Kode Subdist | H6: Kode Outlet | I6: NAMA TOKO | J6: NAMA SPG | K6: VARIANT | L6: HARGA JUAL (PCS) | M6: QTY SELLING (PCS) | N6: TOTAL SELLING (RP) | O6: SAMPLING YANG KELUAR (CUP)
A7: 22 | B7: =IF(C7="","",UPPER(TEXT(C7, "MMM"))) -> MAY | C7: 46171 | D7: {=IFERROR(INDEX('Kode Outlet dan Target Toko'!$A:$A,MATCH($I7,'Kode Outlet dan Target Toko'!$E:$E,0)),"")} -> GRSM 4 | E7: =IFERROR(VLOOKUP(I7,KET!$B:$F,4,0),"") -> FAHMI LUKMANUL HAKIM | F7: =IFERROR(VLOOKUP(I7,KET!$B:$F,5,0),"") -> GMM | G7: =IFERROR(INDEX('Kode Outlet dan Target Toko'!$C:$C,MATCH($I7,'Kode Outlet dan Target Toko'!$E:$E,0)),0) -> 103259 | H7: =IFERROR(INDEX('Kode Outlet dan Target Toko'!$D:$D,MATCH($I7,'Kode Outlet dan Target Toko'!$E:$E,0)),0) -> 9029389 | I7: KAIRO | J7: GINA FITRIANTI NUGRAHA | K7: CARBONARA | L7: 2000 | M7: 63 | N7: =IFERROR(M7*L7,"") -> 126000
A8: 22 | B8: =IF(C8="","",UPPER(TEXT(C8, "MMM"))) -> MAY | C8: 46171 | D8: {=IFERROR(INDEX('Kode Outlet dan Target Toko'!$A:$A,MATCH($I8,'Kode Outlet dan Target Toko'!$E:$E,0)),"")} -> GRSM 4 | E8: =IFERROR(VLOOKUP(I8,KET!$B:$F,4,0),"") -> FAHMI LUKMANUL HAKIM | F8: =IFERROR(VLOOKUP(I8,KET!$B:$F,5,0),"") -> GMM | G8: =IFERROR(INDEX('Kode Outlet dan Target Toko'!$C:$C,MATCH($I8,'Kode Outlet dan Target Toko'!$E:$E,0)),0) -> 103259 | H8: =IFERROR(INDEX('Kode Outlet dan Target Toko'!$D:$D,MATCH($I8,'Kode Outlet dan Target Toko'!$E:$E,0)),0) -> 9029389 | I8: KAIRO | J8: GINA FITRIANTI NUGRAHA | K8: AGLIO OLIO | L8: 2000 | M8: 27 | N8: =IFERROR(M8*L8,"") -> 54000
A9: 22 | B9: =IF(C9="","",UPPER(TEXT(C9, "MMM"))) -> MAY | C9: 46171 | D9: {=IFERROR(INDEX('Kode Outlet dan Target Toko'!$A:$A,MATCH($I9,'Kode Outlet dan Target Toko'!$E:$E,0)),"")} -> GRSM 4 | E9: =IFERROR(VLOOKUP(I9,KET!$B:$F,4,0),"") -> FAHMI LUKMANUL HAKIM | F9: =IFERROR(VLOOKUP(I9,KET!$B:$F,5,0),"") -> GMM | G9: =IFERROR(INDEX('Kode Outlet dan Target Toko'!$C:$C,MATCH($I9,'Kode Outlet dan Target Toko'!$E:$E,0)),0) -> 103259 | H9: =IFERROR(INDEX('Kode Outlet dan Target Toko'!$D:$D,MATCH($I9,'Kode Outlet dan Target Toko'!$E:$E,0)),0) -> 9029389 | I9: KAIRO | J9: GINA FITRIANTI NUGRAHA | K9: GORENG | L9: 2000 | M9: 189 | N9: =IFERROR(M9*L9,"") -> 378000
A10: 22 | B10: =IF(C10="","",UPPER(TEXT(C10, "MMM"))) -> MAY | C10: 46171 | D10: {=IFERROR(INDEX('Kode Outlet dan Target Toko'!$A:$A,MATCH($I10,'Kode Outlet dan Target Toko'!$E:$E,0)),"")} -> GRSM 4 | E10: =IFERROR(VLOOKUP(I10,KET!$B:$F,4,0),"") -> FAHMI LUKMANUL HAKIM | F10: =IFERROR(VLOOKUP(I10,KET!$B:$F,5,0),"") -> GMM | G10: =IFERROR(INDEX('Kode Outlet dan Target Toko'!$C:$C,MATCH($I10,'Kode Outlet dan Target Toko'!$E:$E,0)),0) -> 103259 | H10: =IFERROR(INDEX('Kode Outlet dan Target Toko'!$D:$D,MATCH($I10,'Kode Outlet dan Target Toko'!$E:$E,0)),0) -> 9029389 | I10: KAIRO | J10: MEGA FITRIA | K10: BOLOGNESE | L10: 2000 | M10: 51 | N10: =IFERROR(M10*L10,"") -> 102000 | O10: 120
A11: 22 | B11: =IF(C11="","",UPPER(TEXT(C11, "MMM"))) -> MAY | C11: 46171 | D11: {=IFERROR(INDEX('Kode Outlet dan Target Toko'!$A:$A,MATCH($I11,'Kode Outlet dan Target Toko'!$E:$E,0)),"")} -> GRSM 4 | E11: =IFERROR(VLOOKUP(I11,KET!$B:$F,4,0),"") -> FAHMI LUKMANUL HAKIM | F11: =IFERROR(VLOOKUP(I11,KET!$B:$F,5,0),"") -> GMM | G11: =IFERROR(INDEX('Kode Outlet dan Target Toko'!$C:$C,MATCH($I11,'Kode Outlet dan Target Toko'!$E:$E,0)),0) -> 103259 | H11: =IFERROR(INDEX('Kode Outlet dan Target Toko'!$D:$D,MATCH($I11,'Kode Outlet dan Target Toko'!$E:$E,0)),0) -> 9029389 | I11: KAIRO | J11: MEGA FITRIA | K11: CARBONARA | L11: 2000 | M11: 54 | N11: =IFERROR(M11*L11,"") -> 108000
A12: 22 | B12: =IF(C12="","",UPPER(TEXT(C12, "MMM"))) -> MAY | C12: 46171 | D12: {=IFERROR(INDEX('Kode Outlet dan Target Toko'!$A:$A,MATCH($I12,'Kode Outlet dan Target Toko'!$E:$E,0)),"")} -> GRSM 4 | E12: =IFERROR(VLOOKUP(I12,KET!$B:$F,4,0),"") -> FAHMI LUKMANUL HAKIM | F12: =IFERROR(VLOOKUP(I12,KET!$B:$F,5,0),"") -> GMM | G12: =IFERROR(INDEX('Kode Outlet dan Target Toko'!$C:$C,MATCH($I12,'Kode Outlet dan Target Toko'!$E:$E,0)),0) -> 103259 | H12: =IFERROR(INDEX('Kode Outlet dan Target Toko'!$D:$D,MATCH($I12,'Kode Outlet dan Target Toko'!$E:$E,0)),0) -> 9029389 | I12: KAIRO | J12: MEGA FITRIA | K12: AGLIO OLIO | L12: 2000 | M12: 39 | N12: =IFERROR(M12*L12,"") -> 78000
A13: 22 | B13: =IF(C13="","",UPPER(TEXT(C13, "MMM"))) -> MAY | C13: 46171 | D13: {=IFERROR(INDEX('Kode Outlet dan Target Toko'!$A:$A,MATCH($I13,'Kode Outlet dan Target Toko'!$E:$E,0)),"")} -> GRSM 4 | E13: =IFERROR(VLOOKUP(I13,KET!$B:$F,4,0),"") -> FAHMI LUKMANUL HAKIM | F13: =IFERROR(VLOOKUP(I13,KET!$B:$F,5,0),"") -> GMM | G13: =IFERROR(INDEX('Kode Outlet dan Target Toko'!$C:$C,MATCH($I13,'Kode Outlet dan Target Toko'!$E:$E,0)),0) -> 103259 | H13: =IFERROR(INDEX('Kode Outlet dan Target Toko'!$D:$D,MATCH($I13,'Kode Outlet dan Target Toko'!$E:$E,0)),0) -> 9029389 | I13: KAIRO | J13: MEGA FITRIA | K13: GORENG | L13: 2000 | M13: 129 | N13: =IFERROR(M13*L13,"") -> 258000
A14: 22 | B14: =IF(C14="","",UPPER(TEXT(C14, "MMM"))) -> MAY | C14: 46171 | D14: {=IFERROR(INDEX('Kode Outlet dan Target Toko'!$A:$A,MATCH($I14,'Kode Outlet dan Target Toko'!$E:$E,0)),"")} -> GRSM 4 | E14: =IFERROR(VLOOKUP(I14,KET!$B:$F,4,0),"") -> FAHMI LUKMANUL HAKIM | F14: =IFERROR(VLOOKUP(I14,KET!$B:$F,5,0),"") -> GMM | G14: =IFERROR(INDEX('Kode Outlet dan Target Toko'!$C:$C,MATCH($I14,'Kode Outlet dan Target Toko'!$E:$E,0)),0) -> 103259 | H14: =IFERROR(INDEX('Kode Outlet dan Target Toko'!$D:$D,MATCH($I14,'Kode Outlet dan Target Toko'!$E:$E,0)),0) -> 9029389 | I14: KAIRO | J14: GINA FITRIANTI NUGRAHA | K14: BOLOGNESE | L14: 2000 | M14: 75 | N14: =IFERROR(M14*L14,"") -> 150000 | O14: 120
A15: 22 | B15: =IF(C15="","",UPPER(TEXT(C15, "MMM"))) -> MAY | C15: 46172 | D15: {=IFERROR(INDEX('Kode Outlet dan Target Toko'!$A:$A,MATCH($I15,'Kode Outlet dan Target Toko'!$E:$E,0)),"")} -> GRSM 4 | E15: =IFERROR(VLOOKUP(I15,KET!$B:$F,4,0),"") -> FAHMI LUKMANUL HAKIM | F15: =IFERROR(VLOOKUP(I15,KET!$B:$F,5,0),"") -> GMM | G15: =IFERROR(INDEX('Kode Outlet dan Target Toko'!$C:$C,MATCH($I15,'Kode Outlet dan Target Toko'!$E:$E,0)),0) -> 103259 | H15: =IFERROR(INDEX('Kode Outlet dan Target Toko'!$D:$D,MATCH($I15,'Kode Outlet dan Target Toko'!$E:$E,0)),0) -> 9029389 | I15: KAIRO | J15: GINA FITRIANTI NUGRAHA | K15: CARBONARA | L15: 2000 | M15: 84 | N15: =IFERROR(M15*L15,"") -> 168000
A16: 22 | B16: =IF(C16="","",UPPER(TEXT(C16, "MMM"))) -> MAY | C16: 46172 | D16: {=IFERROR(INDEX('Kode Outlet dan Target Toko'!$A:$A,MATCH($I16,'Kode Outlet dan Target Toko'!$E:$E,0)),"")} -> GRSM 4 | E16: =IFERROR(VLOOKUP(I16,KET!$B:$F,4,0),"") -> FAHMI LUKMANUL HAKIM | F16: =IFERROR(VLOOKUP(I16,KET!$B:$F,5,0),"") -> GMM | G16: =IFERROR(INDEX('Kode Outlet dan Target Toko'!$C:$C,MATCH($I16,'Kode Outlet dan Target Toko'!$E:$E,0)),0) -> 103259 | H16: =IFERROR(INDEX('Kode Outlet dan Target Toko'!$D:$D,MATCH($I16,'Kode Outlet dan Target Toko'!$E:$E,0)),0) -> 9029389 | I16: KAIRO | J16: GINA FITRIANTI NUGRAHA | K16: AGLIO OLIO | L16: 2000 | M16: 54 | N16: =IFERROR(M16*L16,"") -> 108000
A17: 22 | B17: =IF(C17="","",UPPER(TEXT(C17, "MMM"))) -> MAY | C17: 46172 | D17: {=IFERROR(INDEX('Kode Outlet dan Target Toko'!$A:$A,MATCH($I17,'Kode Outlet dan Target Toko'!$E:$E,0)),"")} -> GRSM 4 | E17: =IFERROR(VLOOKUP(I17,KET!$B:$F,4,0),"") -> FAHMI LUKMANUL HAKIM | F17: =IFERROR(VLOOKUP(I17,KET!$B:$F,5,0),"") -> GMM | G17: =IFERROR(INDEX('Kode Outlet dan Target Toko'!$C:$C,MATCH($I17,'Kode Outlet dan Target Toko'!$E:$E,0)),0) -> 103259 | H17: =IFERROR(INDEX('Kode Outlet dan Target Toko'!$D:$D,MATCH($I17,'Kode Outlet dan Target Toko'!$E:$E,0)),0) -> 9029389 | I17: KAIRO | J17: GINA FITRIANTI NUGRAHA | K17: GORENG | L17: 2000 | M17: 90 | N17: =IFERROR(M17*L17,"") -> 180000
A18: 22 | B18: =IF(C18="","",UPPER(TEXT(C18, "MMM"))) -> MAY | C18: 46172 | D18: {=IFERROR(INDEX('Kode Outlet dan Target Toko'!$A:$A,MATCH($I18,'Kode Outlet dan Target Toko'!$E:$E,0)),"")} -> GRSM 4 | E18: =IFERROR(VLOOKUP(I18,KET!$B:$F,4,0),"") -> FAHMI LUKMANUL HAKIM | F18: =IFERROR(VLOOKUP(I18,KET!$B:$F,5,0),"") -> GMM | G18: =IFERROR(INDEX('Kode Outlet dan Target Toko'!$C:$C,MATCH($I18,'Kode Outlet dan Target Toko'!$E:$E,0)),0) -> 103259 | H18: =IFERROR(INDEX('Kode Outlet dan Target Toko'!$D:$D,MATCH($I18,'Kode Outlet dan Target Toko'!$E:$E,0)),0) -> 9029389 | I18: KAIRO | J18: MEGA FITRIA | K18: BOLOGNESE | L18: 2000 | M18: 81 | N18: =IFERROR(M18*L18,"") -> 162000 | O18: 160
A19: 22 | B19: =IF(C19="","",UPPER(TEXT(C19, "MMM"))) -> MAY | C19: 46172 | D19: {=IFERROR(INDEX('Kode Outlet dan Target Toko'!$A:$A,MATCH($I19,'Kode Outlet dan Target Toko'!$E:$E,0)),"")} -> GRSM 4 | E19: =IFERROR(VLOOKUP(I19,KET!$B:$F,4,0),"") -> FAHMI LUKMANUL HAKIM | F19: =IFERROR(VLOOKUP(I19,KET!$B:$F,5,0),"") -> GMM | G19: =IFERROR(INDEX('Kode Outlet dan Target Toko'!$C:$C,MATCH($I19,'Kode Outlet dan Target Toko'!$E:$E,0)),0) -> 103259 | H19: =IFERROR(INDEX('Kode Outlet dan Target Toko'!$D:$D,MATCH($I19,'Kode Outlet dan Target Toko'!$E:$E,0)),0) -> 9029389 | I19: KAIRO | J19: MEGA FITRIA | K19: CARBONARA | L19: 2000 | M19: 69 | N19: =IFERROR(M19*L19,"") -> 138000
A20: 22 | B20: =IF(C20="","",UPPER(TEXT(C20, "MMM"))) -> MAY | C20: 46172 | D20: {=IFERROR(INDEX('Kode Outlet dan Target Toko'!$A:$A,MATCH($I20,'Kode Outlet dan Target Toko'!$E:$E,0)),"")} -> GRSM 4 | E20: =IFERROR(VLOOKUP(I20,KET!$B:$F,4,0),"") -> FAHMI LUKMANUL HAKIM | F20: =IFERROR(VLOOKUP(I20,KET!$B:$F,5,0),"") -> GMM | G20: =IFERROR(INDEX('Kode Outlet dan Target Toko'!$C:$C,MATCH($I20,'Kode Outlet dan Target Toko'!$E:$E,0)),0) -> 103259 | H20: =IFERROR(INDEX('Kode Outlet dan Target Toko'!$D:$D,MATCH($I20,'Kode Outlet dan Target Toko'!$E:$E,0)),0) -> 9029389 | I20: KAIRO | J20: MEGA FITRIA | K20: AGLIO OLIO | L20: 2000 | M20: 57 | N20: =IFERROR(M20*L20,"") -> 114000
A21: 22 | B21: =IF(C21="","",UPPER(TEXT(C21, "MMM"))) -> MAY | C21: 46172 | D21: {=IFERROR(INDEX('Kode Outlet dan Target Toko'!$A:$A,MATCH($I21,'Kode Outlet dan Target Toko'!$E:$E,0)),"")} -> GRSM 4 | E21: =IFERROR(VLOOKUP(I21,KET!$B:$F,4,0),"") -> FAHMI LUKMANUL HAKIM | F21: =IFERROR(VLOOKUP(I21,KET!$B:$F,5,0),"") -> GMM | G21: =IFERROR(INDEX('Kode Outlet dan Target Toko'!$C:$C,MATCH($I21,'Kode Outlet dan Target Toko'!$E:$E,0)),0) -> 103259 | H21: =IFERROR(INDEX('Kode Outlet dan Target Toko'!$D:$D,MATCH($I21,'Kode Outlet dan Target Toko'!$E:$E,0)),0) -> 9029389 | I21: KAIRO | J21: MEGA FITRIA | K21: GORENG | L21: 2000 | M21: 72 | N21: =IFERROR(M21*L21,"") -> 144000
A22: 22 | B22: =IF(C22="","",UPPER(TEXT(C22, "MMM"))) -> MAY | C22: 46172 | D22: {=IFERROR(INDEX('Kode Outlet dan Target Toko'!$A:$A,MATCH($I22,'Kode Outlet dan Target Toko'!$E:$E,0)),"")} -> GRSM 4 | E22: =IFERROR(VLOOKUP(I22,KET!$B:$F,4,0),"") -> FAHMI LUKMANUL HAKIM | F22: =IFERROR(VLOOKUP(I22,KET!$B:$F,5,0),"") -> GMM | G22: =IFERROR(INDEX('Kode Outlet dan Target Toko'!$C:$C,MATCH($I22,'Kode Outlet dan Target Toko'!$E:$E,0)),0) -> 103259 | H22: =IFERROR(INDEX('Kode Outlet dan Target Toko'!$D:$D,MATCH($I22,'Kode Outlet dan Target Toko'!$E:$E,0)),0) -> 9029389 | I22: KAIRO | J22: MEGA FITRIA | K22: BOLOGNESE | L22: 2000 | M22: 72 | N22: =IFERROR(M22*L22,"") -> 144000 | O22: 160
A23: 22 | B23: =IF(C23="","",UPPER(TEXT(C23, "MMM"))) -> MAY | C23: 46173 | D23: {=IFERROR(INDEX('Kode Outlet dan Target Toko'!$A:$A,MATCH($I23,'Kode Outlet dan Target Toko'!$E:$E,0)),"")} -> GRSM 4 | E23: =IFERROR(VLOOKUP(I23,KET!$B:$F,4,0),"") -> FAHMI LUKMANUL HAKIM | F23: =IFERROR(VLOOKUP(I23,KET!$B:$F,5,0),"") -> GMM | G23: =IFERROR(INDEX('Kode Outlet dan Target Toko'!$C:$C,MATCH($I23,'Kode Outlet dan Target Toko'!$E:$E,0)),0) -> 103259 | H23: =IFERROR(INDEX('Kode Outlet dan Target Toko'!$D:$D,MATCH($I23,'Kode Outlet dan Target Toko'!$E:$E,0)),0) -> 9029389 | I23: KAIRO | J23: MEGA FITRIA | K23: CARBONARA | L23: 2000 | M23: 63 | N23: =IFERROR(M23*L23,"") -> 126000
A24: 22 | B24: =IF(C24="","",UPPER(TEXT(C24, "MMM"))) -> MAY | C24: 46173 | D24: {=IFERROR(INDEX('Kode Outlet dan Target Toko'!$A:$A,MATCH($I24,'Kode Outlet dan Target Toko'!$E:$E,0)),"")} -> GRSM 4 | E24: =IFERROR(VLOOKUP(I24,KET!$B:$F,4,0),"") -> FAHMI LUKMANUL HAKIM | F24: =IFERROR(VLOOKUP(I24,KET!$B:$F,5,0),"") -> GMM | G24: =IFERROR(INDEX('Kode Outlet dan Target Toko'!$C:$C,MATCH($I24,'Kode Outlet dan Target Toko'!$E:$E,0)),0) -> 103259 | H24: =IFERROR(INDEX('Kode Outlet dan Target Toko'!$D:$D,MATCH($I24,'Kode Outlet dan Target Toko'!$E:$E,0)),0) -> 9029389 | I24: KAIRO | J24: MEGA FITRIA | K24: AGLIO OLIO | L24: 2000 | M24: 36 | N24: =IFERROR(M24*L24,"") -> 72000
A25: 22 | B25: =IF(C25="","",UPPER(TEXT(C25, "MMM"))) -> MAY | C25: 46173 | D25: {=IFERROR(INDEX('Kode Outlet dan Target Toko'!$A:$A,MATCH($I25,'Kode Outlet dan Target Toko'!$E:$E,0)),"")} -> GRSM 4 | E25: =IFERROR(VLOOKUP(I25,KET!$B:$F,4,0),"") -> FAHMI LUKMANUL HAKIM | F25: =IFERROR(VLOOKUP(I25,KET!$B:$F,5,0),"") -> GMM | G25: =IFERROR(INDEX('Kode Outlet dan Target Toko'!$C:$C,MATCH($I25,'Kode Outlet dan Target Toko'!$E:$E,0)),0) -> 103259 | H25: =IFERROR(INDEX('Kode Outlet dan Target Toko'!$D:$D,MATCH($I25,'Kode Outlet dan Target Toko'!$E:$E,0)),0) -> 9029389 | I25: KAIRO | J25: MEGA FITRIA | K25: GORENG | L25: 2000 | M25: 93 | N25: =IFERROR(M25*L25,"") -> 186000
A26: 22 | B26: =IF(C26="","",UPPER(TEXT(C26, "MMM"))) -> MAY | C26: 46173 | D26: {=IFERROR(INDEX('Kode Outlet dan Target Toko'!$A:$A,MATCH($I26,'Kode Outlet dan Target Toko'!$E:$E,0)),"")} -> GRSM 4 | E26: =IFERROR(VLOOKUP(I26,KET!$B:$F,4,0),"") -> FAHMI LUKMANUL HAKIM | F26: =IFERROR(VLOOKUP(I26,KET!$B:$F,5,0),"") -> GMM | G26: =IFERROR(INDEX('Kode Outlet dan Target Toko'!$C:$C,MATCH($I26,'Kode Outlet dan Target Toko'!$E:$E,0)),0) -> 103259 | H26: =IFERROR(INDEX('Kode Outlet dan Target Toko'!$D:$D,MATCH($I26,'Kode Outlet dan Target Toko'!$E:$E,0)),0) -> 9029389 | I26: KAIRO | J26: GINA FITRIANTI NUGRAHA | K26: BOLOGNESE | L26: 2000 | M26: 87 | N26: =IFERROR(M26*L26,"") -> 174000 | O26: 160
A27: 22 | B27: =IF(C27="","",UPPER(TEXT(C27, "MMM"))) -> MAY | C27: 46173 | D27: {=IFERROR(INDEX('Kode Outlet dan Target Toko'!$A:$A,MATCH($I27,'Kode Outlet dan Target Toko'!$E:$E,0)),"")} -> GRSM 4 | E27: =IFERROR(VLOOKUP(I27,KET!$B:$F,4,0),"") -> FAHMI LUKMANUL HAKIM | F27: =IFERROR(VLOOKUP(I27,KET!$B:$F,5,0),"") -> GMM | G27: =IFERROR(INDEX('Kode Outlet dan Target Toko'!$C:$C,MATCH($I27,'Kode Outlet dan Target Toko'!$E:$E,0)),0) -> 103259 | H27: =IFERROR(INDEX('Kode Outlet dan Target Toko'!$D:$D,MATCH($I27,'Kode Outlet dan Target Toko'!$E:$E,0)),0) -> 9029389 | I27: KAIRO | J27: GINA FITRIANTI NUGRAHA | K27: CARBONARA | L27: 2000 | M27: 60 | N27: =IFERROR(M27*L27,"") -> 120000
A28: 22 | B28: =IF(C28="","",UPPER(TEXT(C28, "MMM"))) -> MAY | C28: 46173 | D28: {=IFERROR(INDEX('Kode Outlet dan Target Toko'!$A:$A,MATCH($I28,'Kode Outlet dan Target Toko'!$E:$E,0)),"")} -> GRSM 4 | E28: =IFERROR(VLOOKUP(I28,KET!$B:$F,4,0),"") -> FAHMI LUKMANUL HAKIM | F28: =IFERROR(VLOOKUP(I28,KET!$B:$F,5,0),"") -> GMM | G28: =IFERROR(INDEX('Kode Outlet dan Target Toko'!$C:$C,MATCH($I28,'Kode Outlet dan Target Toko'!$E:$E,0)),0) -> 103259 | H28: =IFERROR(INDEX('Kode Outlet dan Target Toko'!$D:$D,MATCH($I28,'Kode Outlet dan Target Toko'!$E:$E,0)),0) -> 9029389 | I28: KAIRO | J28: GINA FITRIANTI NUGRAHA | K28: AGLIO OLIO | L28: 2000 | M28: 66 | N28: =IFERROR(M28*L28,"") -> 132000
A29: 22 | B29: =IF(C29="","",UPPER(TEXT(C29, "MMM"))) -> MAY | C29: 46173 | D29: {=IFERROR(INDEX('Kode Outlet dan Target Toko'!$A:$A,MATCH($I29,'Kode Outlet dan Target Toko'!$E:$E,0)),"")} -> GRSM 4 | E29: =IFERROR(VLOOKUP(I29,KET!$B:$F,4,0),"") -> FAHMI LUKMANUL HAKIM | F29: =IFERROR(VLOOKUP(I29,KET!$B:$F,5,0),"") -> GMM | G29: =IFERROR(INDEX('Kode Outlet dan Target Toko'!$C:$C,MATCH($I29,'Kode Outlet dan Target Toko'!$E:$E,0)),0) -> 103259 | H29: =IFERROR(INDEX('Kode Outlet dan Target Toko'!$D:$D,MATCH($I29,'Kode Outlet dan Target Toko'!$E:$E,0)),0) -> 9029389 | I29: KAIRO | J29: GINA FITRIANTI NUGRAHA | K29: GORENG | L29: 2000 | M29: 57 | N29: =IFERROR(M29*L29,"") -> 114000
A30: 22 | B30: =IF(C30="","",UPPER(TEXT(C30, "MMM"))) -> MAY | C30: 46173 | D30: {=IFERROR(INDEX('Kode Outlet dan Target Toko'!$A:$A,MATCH($I30,'Kode Outlet dan Target Toko'!$E:$E,0)),"")} -> GRSM 4 | E30: =IFERROR(VLOOKUP(I30,KET!$B:$F,4,0),"") -> FAHMI LUKMANUL HAKIM | F30: =IFERROR(VLOOKUP(I30,KET!$B:$F,5,0),"") -> GMM | G30: =IFERROR(INDEX('Kode Outlet dan Target Toko'!$C:$C,MATCH($I30,'Kode Outlet dan Target Toko'!$E:$E,0)),0) -> 103277 | H30: =IFERROR(INDEX('Kode Outlet dan Target Toko'!$D:$D,MATCH($I30,'Kode Outlet dan Target Toko'!$E:$E,0)),0) -> 6300538 | I30: MITRA INDAH | J30: WINDIANINGSIH | K30: BOLOGNESE | L30: 2975 | M30: 33 | N30: =IFERROR(M30*L30,"") -> 98175 | O30: 160
A31: 22 | B31: =IF(C31="","",UPPER(TEXT(C31, "MMM"))) -> MAY | C31: 46173 | D31: {=IFERROR(INDEX('Kode Outlet dan Target Toko'!$A:$A,MATCH($I31,'Kode Outlet dan Target Toko'!$E:$E,0)),"")} -> GRSM 4 | E31: =IFERROR(VLOOKUP(I31,KET!$B:$F,4,0),"") -> FAHMI LUKMANUL HAKIM | F31: =IFERROR(VLOOKUP(I31,KET!$B:$F,5,0),"") -> GMM | G31: =IFERROR(INDEX('Kode Outlet dan Target Toko'!$C:$C,MATCH($I31,'Kode Outlet dan Target Toko'!$E:$E,0)),0) -> 103277 | H31: =IFERROR(INDEX('Kode Outlet dan Target Toko'!$D:$D,MATCH($I31,'Kode Outlet dan Target Toko'!$E:$E,0)),0) -> 6300538 | I31: MITRA INDAH | J31: WINDIANINGSIH | K31: CARBONARA | L31: 2975 | M31: 88 | N31: =IFERROR(M31*L31,"") -> 261800
A32: 22 | B32: =IF(C32="","",UPPER(TEXT(C32, "MMM"))) -> MAY | C32: 46173 | D32: {=IFERROR(INDEX('Kode Outlet dan Target Toko'!$A:$A,MATCH($I32,'Kode Outlet dan Target Toko'!$E:$E,0)),"")} -> GRSM 4 | E32: =IFERROR(VLOOKUP(I32,KET!$B:$F,4,0),"") -> FAHMI LUKMANUL HAKIM | F32: =IFERROR(VLOOKUP(I32,KET!$B:$F,5,0),"") -> GMM | G32: =IFERROR(INDEX('Kode Outlet dan Target Toko'!$C:$C,MATCH($I32,'Kode Outlet dan Target Toko'!$E:$E,0)),0) -> 103277 | H32: =IFERROR(INDEX('Kode Outlet dan Target Toko'!$D:$D,MATCH($I32,'Kode Outlet dan Target Toko'!$E:$E,0)),0) -> 6300538 | I32: MITRA INDAH | J32: WINDIANINGSIH | K32: AGLIO OLIO | L32: 2975 | M32: 60 | N32: =IFERROR(M32*L32,"") -> 178500
A33: 22 | B33: =IF(C33="","",UPPER(TEXT(C33, "MMM"))) -> MAY | C33: 46173 | D33: {=IFERROR(INDEX('Kode Outlet dan Target Toko'!$A:$A,MATCH($I33,'Kode Outlet dan Target Toko'!$E:$E,0)),"")} -> GRSM 4 | E33: =IFERROR(VLOOKUP(I33,KET!$B:$F,4,0),"") -> FAHMI LUKMANUL HAKIM | F33: =IFERROR(VLOOKUP(I33,KET!$B:$F,5,0),"") -> GMM | G33: =IFERROR(INDEX('Kode Outlet dan Target Toko'!$C:$C,MATCH($I33,'Kode Outlet dan Target Toko'!$E:$E,0)),0) -> 103277 | H33: =IFERROR(INDEX('Kode Outlet dan Target Toko'!$D:$D,MATCH($I33,'Kode Outlet dan Target Toko'!$E:$E,0)),0) -> 6300538 | I33: MITRA INDAH | J33: WINDIANINGSIH | K33: GORENG | L33: 2975 | M33: 149 | N33: =IFERROR(M33*L33,"") -> 443275
A34: 22 | B34: =IF(C34="","",UPPER(TEXT(C34, "MMM"))) -> MAY | C34: 46173 | D34: {=IFERROR(INDEX('Kode Outlet dan Target Toko'!$A:$A,MATCH($I34,'Kode Outlet dan Target Toko'!$E:$E,0)),"")} -> GRSM 4 | E34: =IFERROR(VLOOKUP(I34,KET!$B:$F,4,0),"") -> FAHMI LUKMANUL HAKIM | F34: =IFERROR(VLOOKUP(I34,KET!$B:$F,5,0),"") -> GMM | G34: =IFERROR(INDEX('Kode Outlet dan Target Toko'!$C:$C,MATCH($I34,'Kode Outlet dan Target Toko'!$E:$E,0)),0) -> 103277 | H34: =IFERROR(INDEX('Kode Outlet dan Target Toko'!$D:$D,MATCH($I34,'Kode Outlet dan Target Toko'!$E:$E,0)),0) -> 6300538 | I34: MITRA INDAH | J34: NURMALA RUSTAMALIA | K34: BOLOGNESE | L34: 2975 | M34: 29 | N34: =IFERROR(M34*L34,"") -> 86275 | O34: 147
A35: 22 | B35: =IF(C35="","",UPPER(TEXT(C35, "MMM"))) -> MAY | C35: 46173 | D35: {=IFERROR(INDEX('Kode Outlet dan Target Toko'!$A:$A,MATCH($I35,'Kode Outlet dan Target Toko'!$E:$E,0)),"")} -> GRSM 4 | E35: =IFERROR(VLOOKUP(I35,KET!$B:$F,4,0),"") -> FAHMI LUKMANUL HAKIM | F35: =IFERROR(VLOOKUP(I35,KET!$B:$F,5,0),"") -> GMM | G35: =IFERROR(INDEX('Kode Outlet dan Target Toko'!$C:$C,MATCH($I35,'Kode Outlet dan Target Toko'!$E:$E,0)),0) -> 103277 | H35: =IFERROR(INDEX('Kode Outlet dan Target Toko'!$D:$D,MATCH($I35,'Kode Outlet dan Target Toko'!$E:$E,0)),0) -> 6300538 | I35: MITRA INDAH | J35: NURMALA RUSTAMALIA | K35: CARBONARA | L35: 2975 | M35: 81 | N35: =IFERROR(M35*L35,"") -> 240975
A36: 22 | B36: =IF(C36="","",UPPER(TEXT(C36, "MMM"))) -> MAY | C36: 46173 | D36: {=IFERROR(INDEX('Kode Outlet dan Target Toko'!$A:$A,MATCH($I36,'Kode Outlet dan Target Toko'!$E:$E,0)),"")} -> GRSM 4 | E36: =IFERROR(VLOOKUP(I36,KET!$B:$F,4,0),"") -> FAHMI LUKMANUL HAKIM | F36: =IFERROR(VLOOKUP(I36,KET!$B:$F,5,0),"") -> GMM | G36: =IFERROR(INDEX('Kode Outlet dan Target Toko'!$C:$C,MATCH($I36,'Kode Outlet dan Target Toko'!$E:$E,0)),0) -> 103277 | H36: =IFERROR(INDEX('Kode Outlet dan Target Toko'!$D:$D,MATCH($I36,'Kode Outlet dan Target Toko'!$E:$E,0)),0) -> 6300538 | I36: MITRA INDAH | J36: NURMALA RUSTAMALIA | K36: AGLIO OLIO | L36: 2975 | M36: 47 | N36: =IFERROR(M36*L36,"") -> 139825
A37: 22 | B37: =IF(C37="","",UPPER(TEXT(C37, "MMM"))) -> MAY | C37: 46173 | D37: {=IFERROR(INDEX('Kode Outlet dan Target Toko'!$A:$A,MATCH($I37,'Kode Outlet dan Target Toko'!$E:$E,0)),"")} -> GRSM 4 | E37: =IFERROR(VLOOKUP(I37,KET!$B:$F,4,0),"") -> FAHMI LUKMANUL HAKIM | F37: =IFERROR(VLOOKUP(I37,KET!$B:$F,5,0),"") -> GMM | G37: =IFERROR(INDEX('Kode Outlet dan Target Toko'!$C:$C,MATCH($I37,'Kode Outlet dan Target Toko'!$E:$E,0)),0) -> 103277 | H37: =IFERROR(INDEX('Kode Outlet dan Target Toko'!$D:$D,MATCH($I37,'Kode Outlet dan Target Toko'!$E:$E,0)),0) -> 6300538 | I37: MITRA INDAH | J37: NURMALA RUSTAMALIA | K37: GORENG | L37: 2975 | M37: 151 | N37: =IFERROR(M37*L37,"") -> 449225
A38: 22 | B38: =IF(C38="","",UPPER(TEXT(C38, "MMM"))) -> MAY | C38: 46173 | D38: {=IFERROR(INDEX('Kode Outlet dan Target Toko'!$A:$A,MATCH($I38,'Kode Outlet dan Target Toko'!$E:$E,0)),"")} -> GRSM 4 | E38: =IFERROR(VLOOKUP(I38,KET!$B:$F,4,0),"") -> FAHMI LUKMANUL HAKIM | F38: =IFERROR(VLOOKUP(I38,KET!$B:$F,5,0),"") -> GMM | G38: =IFERROR(INDEX('Kode Outlet dan Target Toko'!$C:$C,MATCH($I38,'Kode Outlet dan Target Toko'!$E:$E,0)),0) -> 189901 | H38: =IFERROR(INDEX('Kode Outlet dan Target Toko'!$D:$D,MATCH($I38,'Kode Outlet dan Target Toko'!$E:$E,0)),0) -> 1602020 | I38: YOGYA CIAMIS * | J38: YUNIATI | K38: BOLOGNESE | L38: 2200 | M38: 65 | N38: =IFERROR(M38*L38,"") -> 143000 | O38: 147
A39: 22 | B39: =IF(C39="","",UPPER(TEXT(C39, "MMM"))) -> MAY | C39: 46173 | D39: {=IFERROR(INDEX('Kode Outlet dan Target Toko'!$A:$A,MATCH($I39,'Kode Outlet dan Target Toko'!$E:$E,0)),"")} -> GRSM 4 | E39: =IFERROR(VLOOKUP(I39,KET!$B:$F,4,0),"") -> FAHMI LUKMANUL HAKIM | F39: =IFERROR(VLOOKUP(I39,KET!$B:$F,5,0),"") -> GMM | G39: =IFERROR(INDEX('Kode Outlet dan Target Toko'!$C:$C,MATCH($I39,'Kode Outlet dan Target Toko'!$E:$E,0)),0) -> 189901 | H39: =IFERROR(INDEX('Kode Outlet dan Target Toko'!$D:$D,MATCH($I39,'Kode Outlet dan Target Toko'!$E:$E,0)),0) -> 1602020 | I39: YOGYA CIAMIS * | J39: YUNIATI | K39: CARBONARA | L39: 2200 | M39: 136 | N39: =IFERROR(M39*L39,"") -> 299200
A40: 22 | B40: =IF(C40="","",UPPER(TEXT(C40, "MMM"))) -> MAY | C40: 46173 | D40: {=IFERROR(INDEX('Kode Outlet dan Target Toko'!$A:$A,MATCH($I40,'Kode Outlet dan Target Toko'!$E:$E,0)),"")} -> GRSM 4 | E40: =IFERROR(VLOOKUP(I40,KET!$B:$F,4,0),"") -> FAHMI LUKMANUL HAKIM | F40: =IFERROR(VLOOKUP(I40,KET!$B:$F,5,0),"") -> GMM | G40: =IFERROR(INDEX('Kode Outlet dan Target Toko'!$C:$C,MATCH($I40,'Kode Outlet dan Target Toko'!$E:$E,0)),0) -> 189901 | H40: =IFERROR(INDEX('Kode Outlet dan Target Toko'!$D:$D,MATCH($I40,'Kode Outlet dan Target Toko'!$E:$E,0)),0) -> 1602020 | I40: YOGYA CIAMIS * | J40: YUNIATI | K40: AGLIO OLIO | L40: 2200 | M40: 42 | N40: =IFERROR(M40*L40,"") -> 92400
A41: 22 | B41: =IF(C41="","",UPPER(TEXT(C41, "MMM"))) -> MAY | C41: 46173 | D41: {=IFERROR(INDEX('Kode Outlet dan Target Toko'!$A:$A,MATCH($I41,'Kode Outlet dan Target Toko'!$E:$E,0)),"")} -> GRSM 4 | E41: =IFERROR(VLOOKUP(I41,KET!$B:$F,4,0),"") -> FAHMI LUKMANUL HAKIM | F41: =IFERROR(VLOOKUP(I41,KET!$B:$F,5,0),"") -> GMM | G41: =IFERROR(INDEX('Kode Outlet dan Target Toko'!$C:$C,MATCH($I41,'Kode Outlet dan Target Toko'!$E:$E,0)),0) -> 189901 | H41: =IFERROR(INDEX('Kode Outlet dan Target Toko'!$D:$D,MATCH($I41,'Kode Outlet dan Target Toko'!$E:$E,0)),0) -> 1602020 | I41: YOGYA CIAMIS * | J41: HANNA AFTINA LISTYANI | K41: BOLOGNESE | L41: 2200 | M41: 63 | N41: =IFERROR(M41*L41,"") -> 138600 | O41: 120
A42: 22 | B42: =IF(C42="","",UPPER(TEXT(C42, "MMM"))) -> MAY | C42: 46173 | D42: {=IFERROR(INDEX('Kode Outlet dan Target Toko'!$A:$A,MATCH($I42,'Kode Outlet dan Target Toko'!$E:$E,0)),"")} -> GRSM 4 | E42: =IFERROR(VLOOKUP(I42,KET!$B:$F,4,0),"") -> FAHMI LUKMANUL HAKIM | F42: =IFERROR(VLOOKUP(I42,KET!$B:$F,5,0),"") -> GMM | G42: =IFERROR(INDEX('Kode Outlet dan Target Toko'!$C:$C,MATCH($I42,'Kode Outlet dan Target Toko'!$E:$E,0)),0) -> 189901 | H42: =IFERROR(INDEX('Kode Outlet dan Target Toko'!$D:$D,MATCH($I42,'Kode Outlet dan Target Toko'!$E:$E,0)),0) -> 1602020 | I42: YOGYA CIAMIS * | J42: HANNA AFTINA LISTYANI | K42: CARBONARA | L42: 2200 | M42: 141 | N42: =IFERROR(M42*L42,"") -> 310200
A43: 22 | B43: =IF(C43="","",UPPER(TEXT(C43, "MMM"))) -> MAY | C43: 46173 | D43: {=IFERROR(INDEX('Kode Outlet dan Target Toko'!$A:$A,MATCH($I43,'Kode Outlet dan Target Toko'!$E:$E,0)),"")} -> GRSM 4 | E43: =IFERROR(VLOOKUP(I43,KET!$B:$F,4,0),"") -> FAHMI LUKMANUL HAKIM | F43: =IFERROR(VLOOKUP(I43,KET!$B:$F,5,0),"") -> GMM | G43: =IFERROR(INDEX('Kode Outlet dan Target Toko'!$C:$C,MATCH($I43,'Kode Outlet dan Target Toko'!$E:$E,0)),0) -> 189901 | H43: =IFERROR(INDEX('Kode Outlet dan Target Toko'!$D:$D,MATCH($I43,'Kode Outlet dan Target Toko'!$E:$E,0)),0) -> 1602020 | I43: YOGYA CIAMIS * | J43: HANNA AFTINA LISTYANI | K43: AGLIO OLIO | L43: 2200 | M43: 36 | N43: =IFERROR(M43*L43,"") -> 79200
A44: 22 | B44: =IF(C44="","",UPPER(TEXT(C44, "MMM"))) -> MAY | C44: 46173 | D44: {=IFERROR(INDEX('Kode Outlet dan Target Toko'!$A:$A,MATCH($I44,'Kode Outlet dan Target Toko'!$E:$E,0)),"")} -> GRSM 4 | E44: =IFERROR(VLOOKUP(I44,KET!$B:$F,4,0),"") -> FAHMI LUKMANUL HAKIM | F44: =IFERROR(VLOOKUP(I44,KET!$B:$F,5,0),"") -> GMM | G44: =IFERROR(INDEX('Kode Outlet dan Target Toko'!$C:$C,MATCH($I44,'Kode Outlet dan Target Toko'!$E:$E,0)),0) -> 189901 | H44: =IFERROR(INDEX('Kode Outlet dan Target Toko'!$D:$D,MATCH($I44,'Kode Outlet dan Target Toko'!$E:$E,0)),0) -> 1602020 | I44: YOGYA CIAMIS * | J44: HANNA AFTINA LISTYANI | K44: BOLOGNESE | L44: 2200 | M44: 54 | N44: =IFERROR(M44*L44,"") -> 118800 | O44: 120
A45: 22 | B45: =IF(C45="","",UPPER(TEXT(C45, "MMM"))) -> MAY | C45: 46171 | D45: {=IFERROR(INDEX('Kode Outlet dan Target Toko'!$A:$A,MATCH($I45,'Kode Outlet dan Target Toko'!$E:$E,0)),"")} -> GRSM 4 | E45: =IFERROR(VLOOKUP(I45,KET!$B:$F,4,0),"") -> FAHMI LUKMANUL HAKIM | F45: =IFERROR(VLOOKUP(I45,KET!$B:$F,5,0),"") -> GMM | G45: =IFERROR(INDEX('Kode Outlet dan Target Toko'!$C:$C,MATCH($I45,'Kode Outlet dan Target Toko'!$E:$E,0)),0) -> 189901 | H45: =IFERROR(INDEX('Kode Outlet dan Target Toko'!$D:$D,MATCH($I45,'Kode Outlet dan Target Toko'!$E:$E,0)),0) -> 1602020 | I45: YOGYA CIAMIS * | J45: HANNA AFTINA LISTYANI | K45: CARBONARA | L45: 2200 | M45: 63 | N45: =IFERROR(M45*L45,"") -> 138600
A46: 22 | B46: =IF(C46="","",UPPER(TEXT(C46, "MMM"))) -> MAY | C46: 46171 | D46: {=IFERROR(INDEX('Kode Outlet dan Target Toko'!$A:$A,MATCH($I46,'Kode Outlet dan Target Toko'!$E:$E,0)),"")} -> GRSM 4 | E46: =IFERROR(VLOOKUP(I46,KET!$B:$F,4,0),"") -> FAHMI LUKMANUL HAKIM | F46: =IFERROR(VLOOKUP(I46,KET!$B:$F,5,0),"") -> GMM | G46: =IFERROR(INDEX('Kode Outlet dan Target Toko'!$C:$C,MATCH($I46,'Kode Outlet dan Target Toko'!$E:$E,0)),0) -> 189901 | H46: =IFERROR(INDEX('Kode Outlet dan Target Toko'!$D:$D,MATCH($I46,'Kode Outlet dan Target Toko'!$E:$E,0)),0) -> 1602020 | I46: YOGYA CIAMIS * | J46: HANNA AFTINA LISTYANI | K46: AGLIO OLIO | L46: 2200 | M46: 48 | N46: =IFERROR(M46*L46,"") -> 105600
A47: 22 | B47: =IF(C47="","",UPPER(TEXT(C47, "MMM"))) -> MAY | C47: 46171 | D47: {=IFERROR(INDEX('Kode Outlet dan Target Toko'!$A:$A,MATCH($I47,'Kode Outlet dan Target Toko'!$E:$E,0)),"")} -> GRSM 4 | E47: =IFERROR(VLOOKUP(I47,KET!$B:$F,4,0),"") -> FAHMI LUKMANUL HAKIM | F47: =IFERROR(VLOOKUP(I47,KET!$B:$F,5,0),"") -> GMM | G47: =IFERROR(INDEX('Kode Outlet dan Target Toko'!$C:$C,MATCH($I47,'Kode Outlet dan Target Toko'!$E:$E,0)),0) -> 189901 | H47: =IFERROR(INDEX('Kode Outlet dan Target Toko'!$D:$D,MATCH($I47,'Kode Outlet dan Target Toko'!$E:$E,0)),0) -> 1602020 | I47: YOGYA CIAMIS * | J47: YUNIATI | K47: BOLOGNESE | L47: 2200 | M47: 57 | N47: =IFERROR(M47*L47,"") -> 125400 | O47: 72
A48: 22 | B48: =IF(C48="","",UPPER(TEXT(C48, "MMM"))) -> MAY | C48: 46171 | D48: {=IFERROR(INDEX('Kode Outlet dan Target Toko'!$A:$A,MATCH($I48,'Kode Outlet dan Target Toko'!$E:$E,0)),"")} -> GRSM 4 | E48: =IFERROR(VLOOKUP(I48,KET!$B:$F,4,0),"") -> FAHMI LUKMANUL HAKIM | F48: =IFERROR(VLOOKUP(I48,KET!$B:$F,5,0),"") -> GMM | G48: =IFERROR(INDEX('Kode Outlet dan Target Toko'!$C:$C,MATCH($I48,'Kode Outlet dan Target Toko'!$E:$E,0)),0) -> 189901 | H48: =IFERROR(INDEX('Kode Outlet dan Target Toko'!$D:$D,MATCH($I48,'Kode Outlet dan Target Toko'!$E:$E,0)),0) -> 1602020 | I48: YOGYA CIAMIS * | J48: YUNIATI | K48: CARBONARA | L48: 2200 | M48: 54 | N48: =IFERROR(M48*L48,"") -> 118800
A49: 22 | B49: =IF(C49="","",UPPER(TEXT(C49, "MMM"))) -> MAY | C49: 46171 | D49: {=IFERROR(INDEX('Kode Outlet dan Target Toko'!$A:$A,MATCH($I49,'Kode Outlet dan Target Toko'!$E:$E,0)),"")} -> GRSM 4 | E49: =IFERROR(VLOOKUP(I49,KET!$B:$F,4,0),"") -> FAHMI LUKMANUL HAKIM | F49: =IFERROR(VLOOKUP(I49,KET!$B:$F,5,0),"") -> GMM | G49: =IFERROR(INDEX('Kode Outlet dan Target Toko'!$C:$C,MATCH($I49,'Kode Outlet dan Target Toko'!$E:$E,0)),0) -> 189901 | H49: =IFERROR(INDEX('Kode Outlet dan Target Toko'!$D:$D,MATCH($I49,'Kode Outlet dan Target Toko'!$E:$E,0)),0) -> 1602020 | I49: YOGYA CIAMIS * | J49: YUNIATI | K49: AGLIO OLIO | L49: 2200 | M49: 42 | N49: =IFERROR(M49*L49,"") -> 92400
A50: 22 | B50: =IF(C50="","",UPPER(TEXT(C50, "MMM"))) -> MAY | C50: 46171 | D50: {=IFERROR(INDEX('Kode Outlet dan Target Toko'!$A:$A,MATCH($I50,'Kode Outlet dan Target Toko'!$E:$E,0)),"")} -> GRSM 4 | E50: =IFERROR(VLOOKUP(I50,KET!$B:$F,4,0),"") -> FAHMI LUKMANUL HAKIM | F50: =IFERROR(VLOOKUP(I50,KET!$B:$F,5,0),"") -> GMM | G50: =IFERROR(INDEX('Kode Outlet dan Target Toko'!$C:$C,MATCH($I50,'Kode Outlet dan Target Toko'!$E:$E,0)),0) -> 189901 | H50: =IFERROR(INDEX('Kode Outlet dan Target Toko'!$D:$D,MATCH($I50,'Kode Outlet dan Target Toko'!$E:$E,0)),0) -> 1602020 | I50: YOGYA CIAMIS * | J50: HANNA AFTINA LISTYANI | K50: BOLOGNESE | L50: 2200 | M50: 70 | N50: =IFERROR(M50*L50,"") -> 154000 | O50: 72
A51: 22 | B51: =IF(C51="","",UPPER(TEXT(C51, "MMM"))) -> MAY | C51: 46172 | D51: {=IFERROR(INDEX('Kode Outlet dan Target Toko'!$A:$A,MATCH($I51,'Kode Outlet dan Target Toko'!$E:$E,0)),"")} -> GRSM 4 | E51: =IFERROR(VLOOKUP(I51,KET!$B:$F,4,0),"") -> FAHMI LUKMANUL HAKIM | F51: =IFERROR(VLOOKUP(I51,KET!$B:$F,5,0),"") -> GMM | G51: =IFERROR(INDEX('Kode Outlet dan Target Toko'!$C:$C,MATCH($I51,'Kode Outlet dan Target Toko'!$E:$E,0)),0) -> 189901 | H51: =IFERROR(INDEX('Kode Outlet dan Target Toko'!$D:$D,MATCH($I51,'Kode Outlet dan Target Toko'!$E:$E,0)),0) -> 1602020 | I51: YOGYA CIAMIS * | J51: HANNA AFTINA LISTYANI | K51: CARBONARA | L51: 2200 | M51: 148 | N51: =IFERROR(M51*L51,"") -> 325600
A52: 22 | B52: =IF(C52="","",UPPER(TEXT(C52, "MMM"))) -> MAY | C52: 46172 | D52: {=IFERROR(INDEX('Kode Outlet dan Target Toko'!$A:$A,MATCH($I52,'Kode Outlet dan Target Toko'!$E:$E,0)),"")} -> GRSM 4 | E52: =IFERROR(VLOOKUP(I52,KET!$B:$F,4,0),"") -> FAHMI LUKMANUL HAKIM | F52: =IFERROR(VLOOKUP(I52,KET!$B:$F,5,0),"") -> GMM | G52: =IFERROR(INDEX('Kode Outlet dan Target Toko'!$C:$C,MATCH($I52,'Kode Outlet dan Target Toko'!$E:$E,0)),0) -> 189901 | H52: =IFERROR(INDEX('Kode Outlet dan Target Toko'!$D:$D,MATCH($I52,'Kode Outlet dan Target Toko'!$E:$E,0)),0) -> 1602020 | I52: YOGYA CIAMIS * | J52: HANNA AFTINA LISTYANI | K52: AGLIO OLIO | L52: 2200 | M52: 87 | N52: =IFERROR(M52*L52,"") -> 191400
A53: 22 | B53: =IF(C53="","",UPPER(TEXT(C53, "MMM"))) -> MAY | C53: 46172 | D53: {=IFERROR(INDEX('Kode Outlet dan Target Toko'!$A:$A,MATCH($I53,'Kode Outlet dan Target Toko'!$E:$E,0)),"")} -> GRSM 4 | E53: =IFERROR(VLOOKUP(I53,KET!$B:$F,4,0),"") -> FAHMI LUKMANUL HAKIM | F53: =IFERROR(VLOOKUP(I53,KET!$B:$F,5,0),"") -> GMM | G53: =IFERROR(INDEX('Kode Outlet dan Target Toko'!$C:$C,MATCH($I53,'Kode Outlet dan Target Toko'!$E:$E,0)),0) -> 189901 | H53: =IFERROR(INDEX('Kode Outlet dan Target Toko'!$D:$D,MATCH($I53,'Kode Outlet dan Target Toko'!$E:$E,0)),0) -> 1602020 | I53: YOGYA CIAMIS * | J53: YUNIATI | K53: BOLOGNESE | L53: 2200 | M53: 80 | N53: =IFERROR(M53*L53,"") -> 176000 | O53: 120
A54: 22 | B54: =IF(C54="","",UPPER(TEXT(C54, "MMM"))) -> MAY | C54: 46172 | D54: {=IFERROR(INDEX('Kode Outlet dan Target Toko'!$A:$A,MATCH($I54,'Kode Outlet dan Target Toko'!$E:$E,0)),"")} -> GRSM 4 | E54: =IFERROR(VLOOKUP(I54,KET!$B:$F,4,0),"") -> FAHMI LUKMANUL HAKIM | F54: =IFERROR(VLOOKUP(I54,KET!$B:$F,5,0),"") -> GMM | G54: =IFERROR(INDEX('Kode Outlet dan Target Toko'!$C:$C,MATCH($I54,'Kode Outlet dan Target Toko'!$E:$E,0)),0) -> 189901 | H54: =IFERROR(INDEX('Kode Outlet dan Target Toko'!$D:$D,MATCH($I54,'Kode Outlet dan Target Toko'!$E:$E,0)),0) -> 1602020 | I54: YOGYA CIAMIS * | J54: YUNIATI | K54: CARBONARA | L54: 2200 | M54: 154 | N54: =IFERROR(M54*L54,"") -> 338800
A55: 22 | B55: =IF(C55="","",UPPER(TEXT(C55, "MMM"))) -> MAY | C55: 46172 | D55: {=IFERROR(INDEX('Kode Outlet dan Target Toko'!$A:$A,MATCH($I55,'Kode Outlet dan Target Toko'!$E:$E,0)),"")} -> GRSM 4 | E55: =IFERROR(VLOOKUP(I55,KET!$B:$F,4,0),"") -> FAHMI LUKMANUL HAKIM | F55: =IFERROR(VLOOKUP(I55,KET!$B:$F,5,0),"") -> GMM | G55: =IFERROR(INDEX('Kode Outlet dan Target Toko'!$C:$C,MATCH($I55,'Kode Outlet dan Target Toko'!$E:$E,0)),0) -> 189901 | H55: =IFERROR(INDEX('Kode Outlet dan Target Toko'!$D:$D,MATCH($I55,'Kode Outlet dan Target Toko'!$E:$E,0)),0) -> 1602020 | I55: YOGYA CIAMIS * | J55: YUNIATI | K55: AGLIO OLIO | L55: 2200 | M55: 74 | N55: =IFERROR(M55*L55,"") -> 162800
A56: 22 | B56: =IF(C56="","",UPPER(TEXT(C56, "MMM"))) -> MAY | C56: 46172 | D56: {=IFERROR(INDEX('Kode Outlet dan Target Toko'!$A:$A,MATCH($I56,'Kode Outlet dan Target Toko'!$E:$E,0)),"")} -> GRSM 4 | E56: =IFERROR(VLOOKUP(I56,KET!$B:$F,4,0),"") -> FAHMI LUKMANUL HAKIM | F56: =IFERROR(VLOOKUP(I56,KET!$B:$F,5,0),"") -> GMM | G56: =IFERROR(INDEX('Kode Outlet dan Target Toko'!$C:$C,MATCH($I56,'Kode Outlet dan Target Toko'!$E:$E,0)),0) -> 103277 | H56: =IFERROR(INDEX('Kode Outlet dan Target Toko'!$D:$D,MATCH($I56,'Kode Outlet dan Target Toko'!$E:$E,0)),0) -> 6300538 | I56: MITRA INDAH | J56: WINDIANINGSIH | K56: BOLOGNESE | L56: 5139 | M56: 33 | N56: =IFERROR(M56*L56,"") -> 169587 | O56: 120
A57: 22 | B57: =IF(C57="","",UPPER(TEXT(C57, "MMM"))) -> MAY | C57: 46171 | D57: {=IFERROR(INDEX('Kode Outlet dan Target Toko'!$A:$A,MATCH($I57,'Kode Outlet dan Target Toko'!$E:$E,0)),"")} -> GRSM 4 | E57: =IFERROR(VLOOKUP(I57,KET!$B:$F,4,0),"") -> FAHMI LUKMANUL HAKIM | F57: =IFERROR(VLOOKUP(I57,KET!$B:$F,5,0),"") -> GMM | G57: =IFERROR(INDEX('Kode Outlet dan Target Toko'!$C:$C,MATCH($I57,'Kode Outlet dan Target Toko'!$E:$E,0)),0) -> 103277 | H57: =IFERROR(INDEX('Kode Outlet dan Target Toko'!$D:$D,MATCH($I57,'Kode Outlet dan Target Toko'!$E:$E,0)),0) -> 6300538 | I57: MITRA INDAH | J57: WINDIANINGSIH | K57: CARBONARA | L57: 3414 | M57: 61 | N57: =IFERROR(M57*L57,"") -> 208254
A58: 22 | B58: =IF(C58="","",UPPER(TEXT(C58, "MMM"))) -> MAY | C58: 46171 | D58: {=IFERROR(INDEX('Kode Outlet dan Target Toko'!$A:$A,MATCH($I58,'Kode Outlet dan Target Toko'!$E:$E,0)),"")} -> GRSM 4 | E58: =IFERROR(VLOOKUP(I58,KET!$B:$F,4,0),"") -> FAHMI LUKMANUL HAKIM | F58: =IFERROR(VLOOKUP(I58,KET!$B:$F,5,0),"") -> GMM | G58: =IFERROR(INDEX('Kode Outlet dan Target Toko'!$C:$C,MATCH($I58,'Kode Outlet dan Target Toko'!$E:$E,0)),0) -> 103277 | H58: =IFERROR(INDEX('Kode Outlet dan Target Toko'!$D:$D,MATCH($I58,'Kode Outlet dan Target Toko'!$E:$E,0)),0) -> 6300538 | I58: MITRA INDAH | J58: WINDIANINGSIH | K58: AGLIO OLIO | L58: 2219 | M58: 63 | N58: =IFERROR(M58*L58,"") -> 139797
A59: 22 | B59: =IF(C59="","",UPPER(TEXT(C59, "MMM"))) -> MAY | C59: 46171 | D59: {=IFERROR(INDEX('Kode Outlet dan Target Toko'!$A:$A,MATCH($I59,'Kode Outlet dan Target Toko'!$E:$E,0)),"")} -> GRSM 4 | E59: =IFERROR(VLOOKUP(I59,KET!$B:$F,4,0),"") -> FAHMI LUKMANUL HAKIM | F59: =IFERROR(VLOOKUP(I59,KET!$B:$F,5,0),"") -> GMM | G59: =IFERROR(INDEX('Kode Outlet dan Target Toko'!$C:$C,MATCH($I59,'Kode Outlet dan Target Toko'!$E:$E,0)),0) -> 103277 | H59: =IFERROR(INDEX('Kode Outlet dan Target Toko'!$D:$D,MATCH($I59,'Kode Outlet dan Target Toko'!$E:$E,0)),0) -> 6300538 | I59: MITRA INDAH | J59: WINDIANINGSIH | K59: GORENG | L59: 3176 | M59: 74 | N59: =IFERROR(M59*L59,"") -> 235024
A60: 22 | B60: =IF(C60="","",UPPER(TEXT(C60, "MMM"))) -> MAY | C60: 46171 | D60: {=IFERROR(INDEX('Kode Outlet dan Target Toko'!$A:$A,MATCH($I60,'Kode Outlet dan Target Toko'!$E:$E,0)),"")} -> GRSM 4 | E60: =IFERROR(VLOOKUP(I60,KET!$B:$F,4,0),"") -> FAHMI LUKMANUL HAKIM | F60: =IFERROR(VLOOKUP(I60,KET!$B:$F,5,0),"") -> GMM | G60: =IFERROR(INDEX('Kode Outlet dan Target Toko'!$C:$C,MATCH($I60,'Kode Outlet dan Target Toko'!$E:$E,0)),0) -> 103277 | H60: =IFERROR(INDEX('Kode Outlet dan Target Toko'!$D:$D,MATCH($I60,'Kode Outlet dan Target Toko'!$E:$E,0)),0) -> 6300538 | I60: MITRA INDAH | J60: NURMALA RUSTAMALIA | K60: BOLOGNESE | L60: 2975 | M60: 61 | N60: =IFERROR(M60*L60,"") -> 181475 | O60: 112
A61: 22 | B61: =IF(C61="","",UPPER(TEXT(C61, "MMM"))) -> MAY | C61: 46171 | D61: {=IFERROR(INDEX('Kode Outlet dan Target Toko'!$A:$A,MATCH($I61,'Kode Outlet dan Target Toko'!$E:$E,0)),"")} -> GRSM 4 | E61: =IFERROR(VLOOKUP(I61,KET!$B:$F,4,0),"") -> FAHMI LUKMANUL HAKIM | F61: =IFERROR(VLOOKUP(I61,KET!$B:$F,5,0),"") -> GMM | G61: =IFERROR(INDEX('Kode Outlet dan Target Toko'!$C:$C,MATCH($I61,'Kode Outlet dan Target Toko'!$E:$E,0)),0) -> 103277 | H61: =IFERROR(INDEX('Kode Outlet dan Target Toko'!$D:$D,MATCH($I61,'Kode Outlet dan Target Toko'!$E:$E,0)),0) -> 6300538 | I61: MITRA INDAH | J61: NURMALA RUSTAMALIA | K61: CARBONARA | L61: 2975 | M61: 63 | N61: =IFERROR(M61*L61,"") -> 187425
A62: 22 | B62: =IF(C62="","",UPPER(TEXT(C62, "MMM"))) -> MAY | C62: 46171 | D62: {=IFERROR(INDEX('Kode Outlet dan Target Toko'!$A:$A,MATCH($I62,'Kode Outlet dan Target Toko'!$E:$E,0)),"")} -> GRSM 4 | E62: =IFERROR(VLOOKUP(I62,KET!$B:$F,4,0),"") -> FAHMI LUKMANUL HAKIM | F62: =IFERROR(VLOOKUP(I62,KET!$B:$F,5,0),"") -> GMM | G62: =IFERROR(INDEX('Kode Outlet dan Target Toko'!$C:$C,MATCH($I62,'Kode Outlet dan Target Toko'!$E:$E,0)),0) -> 103277 | H62: =IFERROR(INDEX('Kode Outlet dan Target Toko'!$D:$D,MATCH($I62,'Kode Outlet dan Target Toko'!$E:$E,0)),0) -> 6300538 | I62: MITRA INDAH | J62: NURMALA RUSTAMALIA | K62: AGLIO OLIO | L62: 2975 | M62: 33 | N62: =IFERROR(M62*L62,"") -> 98175
A63: 22 | B63: =IF(C63="","",UPPER(TEXT(C63, "MMM"))) -> MAY | C63: 46171 | D63: {=IFERROR(INDEX('Kode Outlet dan Target Toko'!$A:$A,MATCH($I63,'Kode Outlet dan Target Toko'!$E:$E,0)),"")} -> GRSM 4 | E63: =IFERROR(VLOOKUP(I63,KET!$B:$F,4,0),"") -> FAHMI LUKMANUL HAKIM | F63: =IFERROR(VLOOKUP(I63,KET!$B:$F,5,0),"") -> GMM | G63: =IFERROR(INDEX('Kode Outlet dan Target Toko'!$C:$C,MATCH($I63,'Kode Outlet dan Target Toko'!$E:$E,0)),0) -> 103277 | H63: =IFERROR(INDEX('Kode Outlet dan Target Toko'!$D:$D,MATCH($I63,'Kode Outlet dan Target Toko'!$E:$E,0)),0) -> 6300538 | I63: MITRA INDAH | J63: NURMALA RUSTAMALIA | K63: GORENG | L63: 3332 | M63: 84 | N63: =IFERROR(M63*L63,"") -> 279888
A64: 22 | B64: =IF(C64="","",UPPER(TEXT(C64, "MMM"))) -> MAY | C64: 46171 | D64: {=IFERROR(INDEX('Kode Outlet dan Target Toko'!$A:$A,MATCH($I64,'Kode Outlet dan Target Toko'!$E:$E,0)),"")} -> GRSM 4 | E64: =IFERROR(VLOOKUP(I64,KET!$B:$F,4,0),"") -> FAHMI LUKMANUL HAKIM | F64: =IFERROR(VLOOKUP(I64,KET!$B:$F,5,0),"") -> GMM | G64: =IFERROR(INDEX('Kode Outlet dan Target Toko'!$C:$C,MATCH($I64,'Kode Outlet dan Target Toko'!$E:$E,0)),0) -> 103277 | H64: =IFERROR(INDEX('Kode Outlet dan Target Toko'!$D:$D,MATCH($I64,'Kode Outlet dan Target Toko'!$E:$E,0)),0) -> 6300538 | I64: MITRA INDAH | J64: WINDIANINGSIH | K64: BOLOGNESE | L64: 2975 | M64: 29 | N64: =IFERROR(M64*L64,"") -> 86275 | O64: 112
A65: 22 | B65: =IF(C65="","",UPPER(TEXT(C65, "MMM"))) -> MAY | C65: 46172 | D65: {=IFERROR(INDEX('Kode Outlet dan Target Toko'!$A:$A,MATCH($I65,'Kode Outlet dan Target Toko'!$E:$E,0)),"")} -> GRSM 4 | E65: =IFERROR(VLOOKUP(I65,KET!$B:$F,4,0),"") -> FAHMI LUKMANUL HAKIM | F65: =IFERROR(VLOOKUP(I65,KET!$B:$F,5,0),"") -> GMM | G65: =IFERROR(INDEX('Kode Outlet dan Target Toko'!$C:$C,MATCH($I65,'Kode Outlet dan Target Toko'!$E:$E,0)),0) -> 103277 | H65: =IFERROR(INDEX('Kode Outlet dan Target Toko'!$D:$D,MATCH($I65,'Kode Outlet dan Target Toko'!$E:$E,0)),0) -> 6300538 | I65: MITRA INDAH | J65: WINDIANINGSIH | K65: CARBONARA | L65: 2975 | M65: 76 | N65: =IFERROR(M65*L65,"") -> 226100
A66: 22 | B66: =IF(C66="","",UPPER(TEXT(C66, "MMM"))) -> MAY | C66: 46172 | D66: {=IFERROR(INDEX('Kode Outlet dan Target Toko'!$A:$A,MATCH($I66,'Kode Outlet dan Target Toko'!$E:$E,0)),"")} -> GRSM 4 | E66: =IFERROR(VLOOKUP(I66,KET!$B:$F,4,0),"") -> FAHMI LUKMANUL HAKIM | F66: =IFERROR(VLOOKUP(I66,KET!$B:$F,5,0),"") -> GMM | G66: =IFERROR(INDEX('Kode Outlet dan Target Toko'!$C:$C,MATCH($I66,'Kode Outlet dan Target Toko'!$E:$E,0)),0) -> 103277 | H66: =IFERROR(INDEX('Kode Outlet dan Target Toko'!$D:$D,MATCH($I66,'Kode Outlet dan Target Toko'!$E:$E,0)),0) -> 6300538 | I66: MITRA INDAH | J66: WINDIANINGSIH | K66: AGLIO OLIO | L66: 2975 | M66: 57 | N66: =IFERROR(M66*L66,"") -> 169575
A67: 22 | B67: =IF(C67="","",UPPER(TEXT(C67, "MMM"))) -> MAY | C67: 46172 | D67: {=IFERROR(INDEX('Kode Outlet dan Target Toko'!$A:$A,MATCH($I67,'Kode Outlet dan Target Toko'!$E:$E,0)),"")} -> GRSM 4 | E67: =IFERROR(VLOOKUP(I67,KET!$B:$F,4,0),"") -> FAHMI LUKMANUL HAKIM | F67: =IFERROR(VLOOKUP(I67,KET!$B:$F,5,0),"") -> GMM | G67: =IFERROR(INDEX('Kode Outlet dan Target Toko'!$C:$C,MATCH($I67,'Kode Outlet dan Target Toko'!$E:$E,0)),0) -> 103277 | H67: =IFERROR(INDEX('Kode Outlet dan Target Toko'!$D:$D,MATCH($I67,'Kode Outlet dan Target Toko'!$E:$E,0)),0) -> 6300538 | I67: MITRA INDAH | J67: WINDIANINGSIH | K67: GORENG | L67: 2975 | M67: 127 | N67: =IFERROR(M67*L67,"") -> 377825
A68: 22 | B68: =IF(C68="","",UPPER(TEXT(C68, "MMM"))) -> MAY | C68: 46172 | D68: {=IFERROR(INDEX('Kode Outlet dan Target Toko'!$A:$A,MATCH($I68,'Kode Outlet dan Target Toko'!$E:$E,0)),"")} -> GRSM 4 | E68: =IFERROR(VLOOKUP(I68,KET!$B:$F,4,0),"") -> FAHMI LUKMANUL HAKIM | F68: =IFERROR(VLOOKUP(I68,KET!$B:$F,5,0),"") -> GMM | G68: =IFERROR(INDEX('Kode Outlet dan Target Toko'!$C:$C,MATCH($I68,'Kode Outlet dan Target Toko'!$E:$E,0)),0) -> 103277 | H68: =IFERROR(INDEX('Kode Outlet dan Target Toko'!$D:$D,MATCH($I68,'Kode Outlet dan Target Toko'!$E:$E,0)),0) -> 6300538 | I68: MITRA INDAH | J68: NURMALA RUSTAMALIA | K68: BOLOGNESE | L68: 2975 | M68: 24 | N68: =IFERROR(M68*L68,"") -> 71400 | O68: 120
A69: 22 | B69: =IF(C69="","",UPPER(TEXT(C69, "MMM"))) -> MAY | C69: 46172 | D69: {=IFERROR(INDEX('Kode Outlet dan Target Toko'!$A:$A,MATCH($I69,'Kode Outlet dan Target Toko'!$E:$E,0)),"")} -> GRSM 4 | E69: =IFERROR(VLOOKUP(I69,KET!$B:$F,4,0),"") -> FAHMI LUKMANUL HAKIM | F69: =IFERROR(VLOOKUP(I69,KET!$B:$F,5,0),"") -> GMM | G69: =IFERROR(INDEX('Kode Outlet dan Target Toko'!$C:$C,MATCH($I69,'Kode Outlet dan Target Toko'!$E:$E,0)),0) -> 103277 | H69: =IFERROR(INDEX('Kode Outlet dan Target Toko'!$D:$D,MATCH($I69,'Kode Outlet dan Target Toko'!$E:$E,0)),0) -> 6300538 | I69: MITRA INDAH | J69: NURMALA RUSTAMALIA | K69: CARBONARA | L69: 2975 | M69: 74 | N69: =IFERROR(M69*L69,"") -> 220150
A70: 22 | B70: =IF(C70="","",UPPER(TEXT(C70, "MMM"))) -> MAY | C70: 46172 | D70: {=IFERROR(INDEX('Kode Outlet dan Target Toko'!$A:$A,MATCH($I70,'Kode Outlet dan Target Toko'!$E:$E,0)),"")} -> GRSM 4 | E70: =IFERROR(VLOOKUP(I70,KET!$B:$F,4,0),"") -> FAHMI LUKMANUL HAKIM | F70: =IFERROR(VLOOKUP(I70,KET!$B:$F,5,0),"") -> GMM | G70: =IFERROR(INDEX('Kode Outlet dan Target Toko'!$C:$C,MATCH($I70,'Kode Outlet dan Target Toko'!$E:$E,0)),0) -> 103277 | H70: =IFERROR(INDEX('Kode Outlet dan Target Toko'!$D:$D,MATCH($I70,'Kode Outlet dan Target Toko'!$E:$E,0)),0) -> 6300538 | I70: MITRA INDAH | J70: NURMALA RUSTAMALIA | K70: AGLIO OLIO | L70: 2975 | M70: 43 | N70: =IFERROR(M70*L70,"") -> 127925
A71: 22 | B71: =IF(C71="","",UPPER(TEXT(C71, "MMM"))) -> MAY | C71: 46172 | D71: {=IFERROR(INDEX('Kode Outlet dan Target Toko'!$A:$A,MATCH($I71,'Kode Outlet dan Target Toko'!$E:$E,0)),"")} -> GRSM 4 | E71: =IFERROR(VLOOKUP(I71,KET!$B:$F,4,0),"") -> FAHMI LUKMANUL HAKIM | F71: =IFERROR(VLOOKUP(I71,KET!$B:$F,5,0),"") -> GMM | G71: =IFERROR(INDEX('Kode Outlet dan Target Toko'!$C:$C,MATCH($I71,'Kode Outlet dan Target Toko'!$E:$E,0)),0) -> 103277 | H71: =IFERROR(INDEX('Kode Outlet dan Target Toko'!$D:$D,MATCH($I71,'Kode Outlet dan Target Toko'!$E:$E,0)),0) -> 6300538 | I71: MITRA INDAH | J71: NURMALA RUSTAMALIA | K71: GORENG | L71: 2975 | M71: 131 | N71: =IFERROR(M71*L71,"") -> 389725
A72: 22 | B72: =IF(C72="","",UPPER(TEXT(C72, "MMM"))) -> MAY | C72: 46172 | D72: {=IFERROR(INDEX('Kode Outlet dan Target Toko'!$A:$A,MATCH($I72,'Kode Outlet dan Target Toko'!$E:$E,0)),"")} -> GRSM 4 | E72: =IFERROR(VLOOKUP(I72,KET!$B:$F,4,0),"") -> FAHMI LUKMANUL HAKIM | F72: =IFERROR(VLOOKUP(I72,KET!$B:$F,5,0),"") -> GMM | G72: =IFERROR(INDEX('Kode Outlet dan Target Toko'!$C:$C,MATCH($I72,'Kode Outlet dan Target Toko'!$E:$E,0)),0) -> 103259 | H72: =IFERROR(INDEX('Kode Outlet dan Target Toko'!$D:$D,MATCH($I72,'Kode Outlet dan Target Toko'!$E:$E,0)),0) -> 9029389 | I72: KAIRO | J72: MEGA FITRIA | K72: BOLOGNESE | L72: 2000 | M72: 57 | N72: =IFERROR(M72*L72,"") -> 114000 | O72: 120
A73: 23 | B73: =IF(C73="","",UPPER(TEXT(C73, "MMM"))) -> JUN | C73: 46178 | D73: {=IFERROR(INDEX('Kode Outlet dan Target Toko'!$A:$A,MATCH($I73,'Kode Outlet dan Target Toko'!$E:$E,0)),"")} -> GRSM 4 | E73: =IFERROR(VLOOKUP(I73,KET!$B:$F,4,0),"") -> FAHMI LUKMANUL HAKIM | F73: =IFERROR(VLOOKUP(I73,KET!$B:$F,5,0),"") -> GMM | G73: =IFERROR(INDEX('Kode Outlet dan Target Toko'!$C:$C,MATCH($I73,'Kode Outlet dan Target Toko'!$E:$E,0)),0) -> 103259 | H73: =IFERROR(INDEX('Kode Outlet dan Target Toko'!$D:$D,MATCH($I73,'Kode Outlet dan Target Toko'!$E:$E,0)),0) -> 9029389 | I73: KAIRO | J73: MEGA FITRIA | K73: CARBONARA | L73: 2000 | M73: 66 | N73: =IFERROR(M73*L73,"") -> 132000
A74: 23 | B74: =IF(C74="","",UPPER(TEXT(C74, "MMM"))) -> JUN | C74: 46178 | D74: {=IFERROR(INDEX('Kode Outlet dan Target Toko'!$A:$A,MATCH($I74,'Kode Outlet dan Target Toko'!$E:$E,0)),"")} -> GRSM 4 | E74: =IFERROR(VLOOKUP(I74,KET!$B:$F,4,0),"") -> FAHMI LUKMANUL HAKIM | F74: =IFERROR(VLOOKUP(I74,KET!$B:$F,5,0),"") -> GMM | G74: =IFERROR(INDEX('Kode Outlet dan Target Toko'!$C:$C,MATCH($I74,'Kode Outlet dan Target Toko'!$E:$E,0)),0) -> 103259 | H74: =IFERROR(INDEX('Kode Outlet dan Target Toko'!$D:$D,MATCH($I74,'Kode Outlet dan Target Toko'!$E:$E,0)),0) -> 9029389 | I74: KAIRO | J74: MEGA FITRIA | K74: AGLIO OLIO | L74: 2000 | M74: 30 | N74: =IFERROR(M74*L74,"") -> 60000
A75: 23 | B75: =IF(C75="","",UPPER(TEXT(C75, "MMM"))) -> JUN | C75: 46178 | D75: {=IFERROR(INDEX('Kode Outlet dan Target Toko'!$A:$A,MATCH($I75,'Kode Outlet dan Target Toko'!$E:$E,0)),"")} -> GRSM 4 | E75: =IFERROR(VLOOKUP(I75,KET!$B:$F,4,0),"") -> FAHMI LUKMANUL HAKIM | F75: =IFERROR(VLOOKUP(I75,KET!$B:$F,5,0),"") -> GMM | G75: =IFERROR(INDEX('Kode Outlet dan Target Toko'!$C:$C,MATCH($I75,'Kode Outlet dan Target Toko'!$E:$E,0)),0) -> 103259 | H75: =IFERROR(INDEX('Kode Outlet dan Target Toko'!$D:$D,MATCH($I75,'Kode Outlet dan Target Toko'!$E:$E,0)),0) -> 9029389 | I75: KAIRO | J75: MEGA FITRIA | K75: GORENG | L75: 2000 | M75: 60 | N75: =IFERROR(M75*L75,"") -> 120000
A76: 23 | B76: =IF(C76="","",UPPER(TEXT(C76, "MMM"))) -> JUN | C76: 46178 | D76: {=IFERROR(INDEX('Kode Outlet dan Target Toko'!$A:$A,MATCH($I76,'Kode Outlet dan Target Toko'!$E:$E,0)),"")} -> GRSM 4 | E76: =IFERROR(VLOOKUP(I76,KET!$B:$F,4,0),"") -> FAHMI LUKMANUL HAKIM | F76: =IFERROR(VLOOKUP(I76,KET!$B:$F,5,0),"") -> GMM | G76: =IFERROR(INDEX('Kode Outlet dan Target Toko'!$C:$C,MATCH($I76,'Kode Outlet dan Target Toko'!$E:$E,0)),0) -> 103259 | H76: =IFERROR(INDEX('Kode Outlet dan Target Toko'!$D:$D,MATCH($I76,'Kode Outlet dan Target Toko'!$E:$E,0)),0) -> 9029389 | I76: KAIRO | J76: GINA FITRIANTI NUGRAHA | K76: BOLOGNESE | L76: 2000 | M76: 63 | N76: =IFERROR(M76*L76,"") -> 126000 | O76: 160
A77: 23 | B77: =IF(C77="","",UPPER(TEXT(C77, "MMM"))) -> JUN | C77: 46178 | D77: {=IFERROR(INDEX('Kode Outlet dan Target Toko'!$A:$A,MATCH($I77,'Kode Outlet dan Target Toko'!$E:$E,0)),"")} -> GRSM 4 | E77: =IFERROR(VLOOKUP(I77,KET!$B:$F,4,0),"") -> FAHMI LUKMANUL HAKIM | F77: =IFERROR(VLOOKUP(I77,KET!$B:$F,5,0),"") -> GMM | G77: =IFERROR(INDEX('Kode Outlet dan Target Toko'!$C:$C,MATCH($I77,'Kode Outlet dan Target Toko'!$E:$E,0)),0) -> 103259 | H77: =IFERROR(INDEX('Kode Outlet dan Target Toko'!$D:$D,MATCH($I77,'Kode Outlet dan Target Toko'!$E:$E,0)),0) -> 9029389 | I77: KAIRO | J77: GINA FITRIANTI NUGRAHA | K77: CARBONARA | L77: 2000 | M77: 54 | N77: =IFERROR(M77*L77,"") -> 108000
A78: 23 | B78: =IF(C78="","",UPPER(TEXT(C78, "MMM"))) -> JUN | C78: 46178 | D78: {=IFERROR(INDEX('Kode Outlet dan Target Toko'!$A:$A,MATCH($I78,'Kode Outlet dan Target Toko'!$E:$E,0)),"")} -> GRSM 4 | E78: =IFERROR(VLOOKUP(I78,KET!$B:$F,4,0),"") -> FAHMI LUKMANUL HAKIM | F78: =IFERROR(VLOOKUP(I78,KET!$B:$F,5,0),"") -> GMM | G78: =IFERROR(INDEX('Kode Outlet dan Target Toko'!$C:$C,MATCH($I78,'Kode Outlet dan Target Toko'!$E:$E,0)),0) -> 103259 | H78: =IFERROR(INDEX('Kode Outlet dan Target Toko'!$D:$D,MATCH($I78,'Kode Outlet dan Target Toko'!$E:$E,0)),0) -> 9029389 | I78: KAIRO | J78: GINA FITRIANTI NUGRAHA | K78: AGLIO OLIO | L78: 2000 | M78: 30 | N78: =IFERROR(M78*L78,"") -> 60000
A79: 23 | B79: =IF(C79="","",UPPER(TEXT(C79, "MMM"))) -> JUN | C79: 46178 | D79: {=IFERROR(INDEX('Kode Outlet dan Target Toko'!$A:$A,MATCH($I79,'Kode Outlet dan Target Toko'!$E:$E,0)),"")} -> GRSM 4 | E79: =IFERROR(VLOOKUP(I79,KET!$B:$F,4,0),"") -> FAHMI LUKMANUL HAKIM | F79: =IFERROR(VLOOKUP(I79,KET!$B:$F,5,0),"") -> GMM | G79: =IFERROR(INDEX('Kode Outlet dan Target Toko'!$C:$C,MATCH($I79,'Kode Outlet dan Target Toko'!$E:$E,0)),0) -> 103259 | H79: =IFERROR(INDEX('Kode Outlet dan Target Toko'!$D:$D,MATCH($I79,'Kode Outlet dan Target Toko'!$E:$E,0)),0) -> 9029389 | I79: KAIRO | J79: GINA FITRIANTI NUGRAHA | K79: GORENG | L79: 2000 | M79: 120 | N79: =IFERROR(M79*L79,"") -> 240000
A80: 23 | B80: =IF(C80="","",UPPER(TEXT(C80, "MMM"))) -> JUN | C80: 46178 | D80: {=IFERROR(INDEX('Kode Outlet dan Target Toko'!$A:$A,MATCH($I80,'Kode Outlet dan Target Toko'!$E:$E,0)),"")} -> GRSM 3A | E80: =IFERROR(VLOOKUP(I80,KET!$B:$F,4,0),"") -> FAHMI LUKMANUL HAKIM | F80: =IFERROR(VLOOKUP(I80,KET!$B:$F,5,0),"") -> GMM | G80: =IFERROR(INDEX('Kode Outlet dan Target Toko'!$C:$C,MATCH($I80,'Kode Outlet dan Target Toko'!$E:$E,0)),0) -> 103272 | H80: =IFERROR(INDEX('Kode Outlet dan Target Toko'!$D:$D,MATCH($I80,'Kode Outlet dan Target Toko'!$E:$E,0)),0) -> 1178 | I80: MULTI GROSIR STASIUN | J80: MUTHYA NADHIFAH | K80: BOLOGNESE | L80: 3145 | M80: 13 | N80: =IFERROR(M80*L80,"") -> 40885 | O80: 160
A81: 23 | B81: =IF(C81="","",UPPER(TEXT(C81, "MMM"))) -> JUN | C81: 46178 | D81: {=IFERROR(INDEX('Kode Outlet dan Target Toko'!$A:$A,MATCH($I81,'Kode Outlet dan Target Toko'!$E:$E,0)),"")} -> GRSM 3A | E81: =IFERROR(VLOOKUP(I81,KET!$B:$F,4,0),"") -> FAHMI LUKMANUL HAKIM | F81: =IFERROR(VLOOKUP(I81,KET!$B:$F,5,0),"") -> GMM | G81: =IFERROR(INDEX('Kode Outlet dan Target Toko'!$C:$C,MATCH($I81,'Kode Outlet dan Target Toko'!$E:$E,0)),0) -> 103272 | H81: =IFERROR(INDEX('Kode Outlet dan Target Toko'!$D:$D,MATCH($I81,'Kode Outlet dan Target Toko'!$E:$E,0)),0) -> 1178 | I81: MULTI GROSIR STASIUN | J81: MUTHYA NADHIFAH | K81: CARBONARA | L81: 3145 | M81: 28 | N81: =IFERROR(M81*L81,"") -> 88060
A82: 23 | B82: =IF(C82="","",UPPER(TEXT(C82, "MMM"))) -> JUN | C82: 46178 | D82: {=IFERROR(INDEX('Kode Outlet dan Target Toko'!$A:$A,MATCH($I82,'Kode Outlet dan Target Toko'!$E:$E,0)),"")} -> GRSM 3A | E82: =IFERROR(VLOOKUP(I82,KET!$B:$F,4,0),"") -> FAHMI LUKMANUL HAKIM | F82: =IFERROR(VLOOKUP(I82,KET!$B:$F,5,0),"") -> GMM | G82: =IFERROR(INDEX('Kode Outlet dan Target Toko'!$C:$C,MATCH($I82,'Kode Outlet dan Target Toko'!$E:$E,0)),0) -> 103272 | H82: =IFERROR(INDEX('Kode Outlet dan Target Toko'!$D:$D,MATCH($I82,'Kode Outlet dan Target Toko'!$E:$E,0)),0) -> 1178 | I82: MULTI GROSIR STASIUN | J82: MUTHYA NADHIFAH | K82: AGLIO OLIO | L82: 3145 | M82: 9 | N82: =IFERROR(M82*L82,"") -> 28305
A83: 23 | B83: =IF(C83="","",UPPER(TEXT(C83, "MMM"))) -> JUN | C83: 46178 | D83: {=IFERROR(INDEX('Kode Outlet dan Target Toko'!$A:$A,MATCH($I83,'Kode Outlet dan Target Toko'!$E:$E,0)),"")} -> GRSM 3A | E83: =IFERROR(VLOOKUP(I83,KET!$B:$F,4,0),"") -> FAHMI LUKMANUL HAKIM | F83: =IFERROR(VLOOKUP(I83,KET!$B:$F,5,0),"") -> GMM | G83: =IFERROR(INDEX('Kode Outlet dan Target Toko'!$C:$C,MATCH($I83,'Kode Outlet dan Target Toko'!$E:$E,0)),0) -> 103272 | H83: =IFERROR(INDEX('Kode Outlet dan Target Toko'!$D:$D,MATCH($I83,'Kode Outlet dan Target Toko'!$E:$E,0)),0) -> 1178 | I83: MULTI GROSIR STASIUN | J83: MUTHYA NADHIFAH | K83: GORENG | L83: 3145 | M83: 45 | N83: =IFERROR(M83*L83,"") -> 141525
A84: 23 | B84: =IF(C84="","",UPPER(TEXT(C84, "MMM"))) -> JUN | C84: 46178 | D84: {=IFERROR(INDEX('Kode Outlet dan Target Toko'!$A:$A,MATCH($I84,'Kode Outlet dan Target Toko'!$E:$E,0)),"")} -> GRSM 4 | E84: =IFERROR(VLOOKUP(I84,KET!$B:$F,4,0),"") -> FAHMI LUKMANUL HAKIM | F84: =IFERROR(VLOOKUP(I84,KET!$B:$F,5,0),"") -> GMM | G84: =IFERROR(INDEX('Kode Outlet dan Target Toko'!$C:$C,MATCH($I84,'Kode Outlet dan Target Toko'!$E:$E,0)),0) -> 103277 | H84: =IFERROR(INDEX('Kode Outlet dan Target Toko'!$D:$D,MATCH($I84,'Kode Outlet dan Target Toko'!$E:$E,0)),0) -> 6300538 | I84: MITRA INDAH | J84: NURMALA RUSTAMALIA | K84: BOLOGNESE | L84: 2975 | M84: 50 | N84: =IFERROR(M84*L84,"") -> 148750 | O84: 100
A85: 23 | B85: =IF(C85="","",UPPER(TEXT(C85, "MMM"))) -> JUN | C85: 46178 | D85: {=IFERROR(INDEX('Kode Outlet dan Target Toko'!$A:$A,MATCH($I85,'Kode Outlet dan Target Toko'!$E:$E,0)),"")} -> GRSM 4 | E85: =IFERROR(VLOOKUP(I85,KET!$B:$F,4,0),"") -> FAHMI LUKMANUL HAKIM | F85: =IFERROR(VLOOKUP(I85,KET!$B:$F,5,0),"") -> GMM | G85: =IFERROR(INDEX('Kode Outlet dan Target Toko'!$C:$C,MATCH($I85,'Kode Outlet dan Target Toko'!$E:$E,0)),0) -> 103277 | H85: =IFERROR(INDEX('Kode Outlet dan Target Toko'!$D:$D,MATCH($I85,'Kode Outlet dan Target Toko'!$E:$E,0)),0) -> 6300538 | I85: MITRA INDAH | J85: NURMALA RUSTAMALIA | K85: CARBONARA | L85: 2975 | M85: 41 | N85: =IFERROR(M85*L85,"") -> 121975
A86: 23 | B86: =IF(C86="","",UPPER(TEXT(C86, "MMM"))) -> JUN | C86: 46178 | D86: {=IFERROR(INDEX('Kode Outlet dan Target Toko'!$A:$A,MATCH($I86,'Kode Outlet dan Target Toko'!$E:$E,0)),"")} -> GRSM 4 | E86: =IFERROR(VLOOKUP(I86,KET!$B:$F,4,0),"") -> FAHMI LUKMANUL HAKIM | F86: =IFERROR(VLOOKUP(I86,KET!$B:$F,5,0),"") -> GMM | G86: =IFERROR(INDEX('Kode Outlet dan Target Toko'!$C:$C,MATCH($I86,'Kode Outlet dan Target Toko'!$E:$E,0)),0) -> 103277 | H86: =IFERROR(INDEX('Kode Outlet dan Target Toko'!$D:$D,MATCH($I86,'Kode Outlet dan Target Toko'!$E:$E,0)),0) -> 6300538 | I86: MITRA INDAH | J86: NURMALA RUSTAMALIA | K86: AGLIO OLIO | L86: 2975 | M86: 39 | N86: =IFERROR(M86*L86,"") -> 116025
A87: 23 | B87: =IF(C87="","",UPPER(TEXT(C87, "MMM"))) -> JUN | C87: 46178 | D87: {=IFERROR(INDEX('Kode Outlet dan Target Toko'!$A:$A,MATCH($I87,'Kode Outlet dan Target Toko'!$E:$E,0)),"")} -> GRSM 4 | E87: =IFERROR(VLOOKUP(I87,KET!$B:$F,4,0),"") -> FAHMI LUKMANUL HAKIM | F87: =IFERROR(VLOOKUP(I87,KET!$B:$F,5,0),"") -> GMM | G87: =IFERROR(INDEX('Kode Outlet dan Target Toko'!$C:$C,MATCH($I87,'Kode Outlet dan Target Toko'!$E:$E,0)),0) -> 103277 | H87: =IFERROR(INDEX('Kode Outlet dan Target Toko'!$D:$D,MATCH($I87,'Kode Outlet dan Target Toko'!$E:$E,0)),0) -> 6300538 | I87: MITRA INDAH | J87: NURMALA RUSTAMALIA | K87: GORENG | L87: 2975 | M87: 147 | N87: =IFERROR(M87*L87,"") -> 437325
A88: 23 | B88: =IF(C88="","",UPPER(TEXT(C88, "MMM"))) -> JUN | C88: 46178 | D88: {=IFERROR(INDEX('Kode Outlet dan Target Toko'!$A:$A,MATCH($I88,'Kode Outlet dan Target Toko'!$E:$E,0)),"")} -> GRSM 4 | E88: =IFERROR(VLOOKUP(I88,KET!$B:$F,4,0),"") -> FAHMI LUKMANUL HAKIM | F88: =IFERROR(VLOOKUP(I88,KET!$B:$F,5,0),"") -> GMM | G88: =IFERROR(INDEX('Kode Outlet dan Target Toko'!$C:$C,MATCH($I88,'Kode Outlet dan Target Toko'!$E:$E,0)),0) -> 103277 | H88: =IFERROR(INDEX('Kode Outlet dan Target Toko'!$D:$D,MATCH($I88,'Kode Outlet dan Target Toko'!$E:$E,0)),0) -> 6300538 | I88: MITRA INDAH | J88: WINDIANINGSIH | K88: BOLOGNESE | L88: 2975 | M88: 57 | N88: =IFERROR(M88*L88,"") -> 169575 | O88: 132
A89: 23 | B89: =IF(C89="","",UPPER(TEXT(C89, "MMM"))) -> JUN | C89: 46178 | D89: {=IFERROR(INDEX('Kode Outlet dan Target Toko'!$A:$A,MATCH($I89,'Kode Outlet dan Target Toko'!$E:$E,0)),"")} -> GRSM 4 | E89: =IFERROR(VLOOKUP(I89,KET!$B:$F,4,0),"") -> FAHMI LUKMANUL HAKIM | F89: =IFERROR(VLOOKUP(I89,KET!$B:$F,5,0),"") -> GMM | G89: =IFERROR(INDEX('Kode Outlet dan Target Toko'!$C:$C,MATCH($I89,'Kode Outlet dan Target Toko'!$E:$E,0)),0) -> 103277 | H89: =IFERROR(INDEX('Kode Outlet dan Target Toko'!$D:$D,MATCH($I89,'Kode Outlet dan Target Toko'!$E:$E,0)),0) -> 6300538 | I89: MITRA INDAH | J89: WINDIANINGSIH | K89: CARBONARA | L89: 2975 | M89: 73 | N89: =IFERROR(M89*L89,"") -> 217175
A90: 23 | B90: =IF(C90="","",UPPER(TEXT(C90, "MMM"))) -> JUN | C90: 46178 | D90: {=IFERROR(INDEX('Kode Outlet dan Target Toko'!$A:$A,MATCH($I90,'Kode Outlet dan Target Toko'!$E:$E,0)),"")} -> GRSM 4 | E90: =IFERROR(VLOOKUP(I90,KET!$B:$F,4,0),"") -> FAHMI LUKMANUL HAKIM | F90: =IFERROR(VLOOKUP(I90,KET!$B:$F,5,0),"") -> GMM | G90: =IFERROR(INDEX('Kode Outlet dan Target Toko'!$C:$C,MATCH($I90,'Kode Outlet dan Target Toko'!$E:$E,0)),0) -> 103277 | H90: =IFERROR(INDEX('Kode Outlet dan Target Toko'!$D:$D,MATCH($I90,'Kode Outlet dan Target Toko'!$E:$E,0)),0) -> 6300538 | I90: MITRA INDAH | J90: WINDIANINGSIH | K90: AGLIO OLIO | L90: 2975 | M90: 51 | N90: =IFERROR(M90*L90,"") -> 151725
A91: 23 | B91: =IF(C91="","",UPPER(TEXT(C91, "MMM"))) -> JUN | C91: 46178 | D91: {=IFERROR(INDEX('Kode Outlet dan Target Toko'!$A:$A,MATCH($I91,'Kode Outlet dan Target Toko'!$E:$E,0)),"")} -> GRSM 4 | E91: =IFERROR(VLOOKUP(I91,KET!$B:$F,4,0),"") -> FAHMI LUKMANUL HAKIM | F91: =IFERROR(VLOOKUP(I91,KET!$B:$F,5,0),"") -> GMM | G91: =IFERROR(INDEX('Kode Outlet dan Target Toko'!$C:$C,MATCH($I91,'Kode Outlet dan Target Toko'!$E:$E,0)),0) -> 103277 | H91: =IFERROR(INDEX('Kode Outlet dan Target Toko'!$D:$D,MATCH($I91,'Kode Outlet dan Target Toko'!$E:$E,0)),0) -> 6300538 | I91: MITRA INDAH | J91: WINDIANINGSIH | K91: GORENG | L91: 2975 | M91: 165 | N91: =IFERROR(M91*L91,"") -> 490875
A92: 23 | B92: =IF(C92="","",UPPER(TEXT(C92, "MMM"))) -> JUN | C92: 46178 | D92: {=IFERROR(INDEX('Kode Outlet dan Target Toko'!$A:$A,MATCH($I92,'Kode Outlet dan Target Toko'!$E:$E,0)),"")} -> GRSM 4 | E92: =IFERROR(VLOOKUP(I92,KET!$B:$F,4,0),"") -> FAHMI LUKMANUL HAKIM | F92: =IFERROR(VLOOKUP(I92,KET!$B:$F,5,0),"") -> GMM | G92: =IFERROR(INDEX('Kode Outlet dan Target Toko'!$C:$C,MATCH($I92,'Kode Outlet dan Target Toko'!$E:$E,0)),0) -> 103257 | H92: =IFERROR(INDEX('Kode Outlet dan Target Toko'!$D:$D,MATCH($I92,'Kode Outlet dan Target Toko'!$E:$E,0)),0) -> 9162509 | I92: PRATAMA PUTRA BANYURESMI | J92: ALYA MULIA | K92: BOLOGNESE | L92: 3200 | M92: 40 | N92: =IFERROR(M92*L92,"") -> 128000 | O92: 132
A93: 23 | B93: =IF(C93="","",UPPER(TEXT(C93, "MMM"))) -> JUN | C93: 46178 | D93: {=IFERROR(INDEX('Kode Outlet dan Target Toko'!$A:$A,MATCH($I93,'Kode Outlet dan Target Toko'!$E:$E,0)),"")} -> GRSM 4 | E93: =IFERROR(VLOOKUP(I93,KET!$B:$F,4,0),"") -> FAHMI LUKMANUL HAKIM | F93: =IFERROR(VLOOKUP(I93,KET!$B:$F,5,0),"") -> GMM | G93: =IFERROR(INDEX('Kode Outlet dan Target Toko'!$C:$C,MATCH($I93,'Kode Outlet dan Target Toko'!$E:$E,0)),0) -> 103257 | H93: =IFERROR(INDEX('Kode Outlet dan Target Toko'!$D:$D,MATCH($I93,'Kode Outlet dan Target Toko'!$E:$E,0)),0) -> 9162509 | I93: PRATAMA PUTRA BANYURESMI | J93: ALYA MULIA | K93: CARBONARA | L93: 3200 | M93: 35 | N93: =IFERROR(M93*L93,"") -> 112000
A94: 23 | B94: =IF(C94="","",UPPER(TEXT(C94, "MMM"))) -> JUN | C94: 46178 | D94: {=IFERROR(INDEX('Kode Outlet dan Target Toko'!$A:$A,MATCH($I94,'Kode Outlet dan Target Toko'!$E:$E,0)),"")} -> GRSM 4 | E94: =IFERROR(VLOOKUP(I94,KET!$B:$F,4,0),"") -> FAHMI LUKMANUL HAKIM | F94: =IFERROR(VLOOKUP(I94,KET!$B:$F,5,0),"") -> GMM | G94: =IFERROR(INDEX('Kode Outlet dan Target Toko'!$C:$C,MATCH($I94,'Kode Outlet dan Target Toko'!$E:$E,0)),0) -> 103257 | H94: =IFERROR(INDEX('Kode Outlet dan Target Toko'!$D:$D,MATCH($I94,'Kode Outlet dan Target Toko'!$E:$E,0)),0) -> 9162509 | I94: PRATAMA PUTRA BANYURESMI | J94: ALYA MULIA | K94: AGLIO OLIO | L94: 3200 | M94: 30 | N94: =IFERROR(M94*L94,"") -> 96000
A95: 23 | B95: =IF(C95="","",UPPER(TEXT(C95, "MMM"))) -> JUN | C95: 46178 | D95: {=IFERROR(INDEX('Kode Outlet dan Target Toko'!$A:$A,MATCH($I95,'Kode Outlet dan Target Toko'!$E:$E,0)),"")} -> GRSM 4 | E95: =IFERROR(VLOOKUP(I95,KET!$B:$F,4,0),"") -> FAHMI LUKMANUL HAKIM | F95: =IFERROR(VLOOKUP(I95,KET!$B:$F,5,0),"") -> GMM | G95: =IFERROR(INDEX('Kode Outlet dan Target Toko'!$C:$C,MATCH($I95,'Kode Outlet dan Target Toko'!$E:$E,0)),0) -> 103257 | H95: =IFERROR(INDEX('Kode Outlet dan Target Toko'!$D:$D,MATCH($I95,'Kode Outlet dan Target Toko'!$E:$E,0)),0) -> 9162509 | I95: PRATAMA PUTRA BANYURESMI | J95: ALYA MULIA | K95: GORENG | L95: 3200 | M95: 105 | N95: =IFERROR(M95*L95,"") -> 336000
A96: 23 | B96: =IF(C96="","",UPPER(TEXT(C96, "MMM"))) -> JUN | C96: 46178 | D96: {=IFERROR(INDEX('Kode Outlet dan Target Toko'!$A:$A,MATCH($I96,'Kode Outlet dan Target Toko'!$E:$E,0)),"")} -> GRSM 4 | E96: =IFERROR(VLOOKUP(I96,KET!$B:$F,4,0),"") -> FAHMI LUKMANUL HAKIM | F96: =IFERROR(VLOOKUP(I96,KET!$B:$F,5,0),"") -> GMM | G96: =IFERROR(INDEX('Kode Outlet dan Target Toko'!$C:$C,MATCH($I96,'Kode Outlet dan Target Toko'!$E:$E,0)),0) -> 103257 | H96: =IFERROR(INDEX('Kode Outlet dan Target Toko'!$D:$D,MATCH($I96,'Kode Outlet dan Target Toko'!$E:$E,0)),0) -> 9162509 | I96: PRATAMA PUTRA BANYURESMI | J96: DEVI SRI ANJANI | K96: BOLOGNESE | L96: 3200 | M96: 35 | N96: =IFERROR(M96*L96,"") -> 112000 | O96: 160
A97: 23 | B97: =IF(C97="","",UPPER(TEXT(C97, "MMM"))) -> JUN | C97: 46178 | D97: {=IFERROR(INDEX('Kode Outlet dan Target Toko'!$A:$A,MATCH($I97,'Kode Outlet dan Target Toko'!$E:$E,0)),"")} -> GRSM 4 | E97: =IFERROR(VLOOKUP(I97,KET!$B:$F,4,0),"") -> FAHMI LUKMANUL HAKIM | F97: =IFERROR(VLOOKUP(I97,KET!$B:$F,5,0),"") -> GMM | G97: =IFERROR(INDEX('Kode Outlet dan Target Toko'!$C:$C,MATCH($I97,'Kode Outlet dan Target Toko'!$E:$E,0)),0) -> 103257 | H97: =IFERROR(INDEX('Kode Outlet dan Target Toko'!$D:$D,MATCH($I97,'Kode Outlet dan Target Toko'!$E:$E,0)),0) -> 9162509 | I97: PRATAMA PUTRA BANYURESMI | J97: DEVI SRI ANJANI | K97: CARBONARA | L97: 3200 | M97: 30 | N97: =IFERROR(M97*L97,"") -> 96000
A98: 23 | B98: =IF(C98="","",UPPER(TEXT(C98, "MMM"))) -> JUN | C98: 46178 | D98: {=IFERROR(INDEX('Kode Outlet dan Target Toko'!$A:$A,MATCH($I98,'Kode Outlet dan Target Toko'!$E:$E,0)),"")} -> GRSM 4 | E98: =IFERROR(VLOOKUP(I98,KET!$B:$F,4,0),"") -> FAHMI LUKMANUL HAKIM | F98: =IFERROR(VLOOKUP(I98,KET!$B:$F,5,0),"") -> GMM | G98: =IFERROR(INDEX('Kode Outlet dan Target Toko'!$C:$C,MATCH($I98,'Kode Outlet dan Target Toko'!$E:$E,0)),0) -> 103257 | H98: =IFERROR(INDEX('Kode Outlet dan Target Toko'!$D:$D,MATCH($I98,'Kode Outlet dan Target Toko'!$E:$E,0)),0) -> 9162509 | I98: PRATAMA PUTRA BANYURESMI | J98: DEVI SRI ANJANI | K98: AGLIO OLIO | L98: 3200 | M98: 25 | N98: =IFERROR(M98*L98,"") -> 80000
A99: 23 | B99: =IF(C99="","",UPPER(TEXT(C99, "MMM"))) -> JUN | C99: 46178 | D99: {=IFERROR(INDEX('Kode Outlet dan Target Toko'!$A:$A,MATCH($I99,'Kode Outlet dan Target Toko'!$E:$E,0)),"")} -> GRSM 4 | E99: =IFERROR(VLOOKUP(I99,KET!$B:$F,4,0),"") -> FAHMI LUKMANUL HAKIM | F99: =IFERROR(VLOOKUP(I99,KET!$B:$F,5,0),"") -> GMM | G99: =IFERROR(INDEX('Kode Outlet dan Target Toko'!$C:$C,MATCH($I99,'Kode Outlet dan Target Toko'!$E:$E,0)),0) -> 103257 | H99: =IFERROR(INDEX('Kode Outlet dan Target Toko'!$D:$D,MATCH($I99,'Kode Outlet dan Target Toko'!$E:$E,0)),0) -> 9162509 | I99: PRATAMA PUTRA BANYURESMI | J99: DEVI SRI ANJANI | K99: GORENG | L99: 3200 | M99: 100 | N99: =IFERROR(M99*L99,"") -> 320000
A100: 23 | B100: =IF(C100="","",UPPER(TEXT(C100, "MMM"))) -> JUN | C100: 46178 | D100: {=IFERROR(INDEX('Kode Outlet dan Target Toko'!$A:$A,MATCH($I100,'Kode Outlet dan Target Toko'!$E:$E,0)),"")} -> GRSM 4 | E100: =IFERROR(VLOOKUP(I100,KET!$B:$F,4,0),"") -> FAHMI LUKMANUL HAKIM | F100: =IFERROR(VLOOKUP(I100,KET!$B:$F,5,0),"") -> GMM | G100: =IFERROR(INDEX('Kode Outlet dan Target Toko'!$C:$C,MATCH($I100,'Kode Outlet dan Target Toko'!$E:$E,0)),0) -> 103259 | H100: =IFERROR(INDEX('Kode Outlet dan Target Toko'!$D:$D,MATCH($I100,'Kode Outlet dan Target Toko'!$E:$E,0)),0) -> 9013525 | I100: M ZAMZAM TK (M2) | J100: MIRA SARASWATI | K100: BOLOGNESE | L100: 1203 | M100: 140 | N100: =IFERROR(M100*L100,"") -> 168420 | O100: 160
A101: 23 | B101: =IF(C101="","",UPPER(TEXT(C101, "MMM"))) -> JUN | C101: 46179 | D101: {=IFERROR(INDEX('Kode Outlet dan Target Toko'!$A:$A,MATCH($I101,'Kode Outlet dan Target Toko'!$E:$E,0)),"")} -> GRSM 4 | E101: =IFERROR(VLOOKUP(I101,KET!$B:$F,4,0),"") -> FAHMI LUKMANUL HAKIM | F101: =IFERROR(VLOOKUP(I101,KET!$B:$F,5,0),"") -> GMM | G101: =IFERROR(INDEX('Kode Outlet dan Target Toko'!$C:$C,MATCH($I101,'Kode Outlet dan Target Toko'!$E:$E,0)),0) -> 103259 | H101: =IFERROR(INDEX('Kode Outlet dan Target Toko'!$D:$D,MATCH($I101,'Kode Outlet dan Target Toko'!$E:$E,0)),0) -> 9013525 | I101: M ZAMZAM TK (M2) | J101: MIRA SARASWATI | K101: CARBONARA | L101: 1200 | M101: 140 | N101: =IFERROR(M101*L101,"") -> 168000
A102: 23 | B102: =IF(C102="","",UPPER(TEXT(C102, "MMM"))) -> JUN | C102: 46179 | D102: {=IFERROR(INDEX('Kode Outlet dan Target Toko'!$A:$A,MATCH($I102,'Kode Outlet dan Target Toko'!$E:$E,0)),"")} -> GRSM 4 | E102: =IFERROR(VLOOKUP(I102,KET!$B:$F,4,0),"") -> FAHMI LUKMANUL HAKIM | F102: =IFERROR(VLOOKUP(I102,KET!$B:$F,5,0),"") -> GMM | G102: =IFERROR(INDEX('Kode Outlet dan Target Toko'!$C:$C,MATCH($I102,'Kode Outlet dan Target Toko'!$E:$E,0)),0) -> 103259 | H102: =IFERROR(INDEX('Kode Outlet dan Target Toko'!$D:$D,MATCH($I102,'Kode Outlet dan Target Toko'!$E:$E,0)),0) -> 9013525 | I102: M ZAMZAM TK (M2) | J102: MIRA SARASWATI | K102: AGLIO OLIO | L102: 1000 | M102: 120 | N102: =IFERROR(M102*L102,"") -> 120000
...

Sheet MONITORING STOK
A1: REPORT MONITORING STOK GMM WOW SPAGHETTI JAWA BARAT
A2: *Pengisian dengan huruf CAPITAL | G2: : Jangan copas/edit ke tanda berwarna ini! | H2: : Jangan copas/edit ke tanda berwarna ini!
A5: WEEK | B5: BULAN | C5: TANGGAL | D5: GRSM | E5: AREA | F5: NAMA TL | G5: CHANNEL GROUP | H5: NAMA TOKO | I5: STOK AWAL (IN PCS) | N5: STOK AKHIR (IN PCS)
I6: AGLIO OLIO | J6: CARBONARA | K6: BOLOGNESE | L6: GORENG | M6: TOTAL (ALL VARIAN) | N6: AGLIO OLIO | O6: CARBONARA | P6: BOLOGNESE | Q6: GORENG | R6: TOTAL (ALL VARIAN)
A7: 22 | B7: =IF(C7="","",UPPER(TEXT(C7, "MMM"))) -> MAY | C7: 46171 | D7: =IFERROR(VLOOKUP(H7,KET!$B:$F,2,0),"") -> GRSM 4 | E7: =IFERROR(VLOOKUP(H7,KET!$B:$F,3,0),"") -> TASIK | F7: =IFERROR(VLOOKUP(H7,KET!$B:$F,4,0),"") -> FAHMI LUKMANUL HAKIM | G7: =IFERROR(VLOOKUP(H7,KET!$B:$F,5,0),"") -> GMM | H7: KAIRO | I7: 969 | J7: 1099 | K7: 825 | L7: 666 | M7: =SUM(I7:L7) -> 3559 | N7: 942 | O7: 1036 | P7: 771 | Q7: 477 | R7: =SUM(N7:Q7) -> 3226
A8: 22 | B8: =IF(C8="","",UPPER(TEXT(C8, "MMM"))) -> MAY | C8: 46171 | D8: =IFERROR(VLOOKUP(H8,KET!$B:$F,2,0),"") -> GRSM 4 | E8: =IFERROR(VLOOKUP(H8,KET!$B:$F,3,0),"") -> TASIK | F8: =IFERROR(VLOOKUP(H8,KET!$B:$F,4,0),"") -> FAHMI LUKMANUL HAKIM | G8: =IFERROR(VLOOKUP(H8,KET!$B:$F,5,0),"") -> GMM | H8: KAIRO | I8: 1008 | J8: 1153 | K8: 876 | L8: 795 | M8: =SUM(I8:L8) -> 3832 | N8: 969 | O8: 1099 | P8: 825 | Q8: 666 | R8: =SUM(N8:Q8) -> 3559
A9: 22 | B9: =IF(C9="","",UPPER(TEXT(C9, "MMM"))) -> MAY | C9: 46172 | D9: =IFERROR(VLOOKUP(H9,KET!$B:$F,2,0),"") -> GRSM 4 | E9: =IFERROR(VLOOKUP(H9,KET!$B:$F,3,0),"") -> TASIK | F9: =IFERROR(VLOOKUP(H9,KET!$B:$F,4,0),"") -> FAHMI LUKMANUL HAKIM | G9: =IFERROR(VLOOKUP(H9,KET!$B:$F,5,0),"") -> GMM | H9: KAIRO | I9: 889 | J9: 967 | K9: 690 | L9: 405 | M9: =SUM(I9:L9) -> 2951 | N9: 835 | O9: 883 | P9: 615 | Q9: 315 | R9: =SUM(N9:Q9) -> 2648
A10: 22 | B10: =IF(C10="","",UPPER(TEXT(C10, "MMM"))) -> MAY | C10: 46172 | D10: =IFERROR(VLOOKUP(H10,KET!$B:$F,2,0),"") -> GRSM 4 | E10: =IFERROR(VLOOKUP(H10,KET!$B:$F,3,0),"") -> TASIK | F10: =IFERROR(VLOOKUP(H10,KET!$B:$F,4,0),"") -> FAHMI LUKMANUL HAKIM | G10: =IFERROR(VLOOKUP(H10,KET!$B:$F,5,0),"") -> GMM | H10: KAIRO | I10: 942 | J10: 1036 | K10: 771 | L10: 477 | M10: =SUM(I10:L10) -> 3226 | N10: 889 | O10: 967 | P10: 690 | Q10: 405 | R10: =SUM(N10:Q10) -> 2951
A11: 22 | B11: =IF(C11="","",UPPER(TEXT(C11, "MMM"))) -> MAY | C11: 46173 | D11: =IFERROR(VLOOKUP(H11,KET!$B:$F,2,0),"") -> GRSM 4 | E11: =IFERROR(VLOOKUP(H11,KET!$B:$F,3,0),"") -> TASIK | F11: =IFERROR(VLOOKUP(H11,KET!$B:$F,4,0),"") -> FAHMI LUKMANUL HAKIM | G11: =IFERROR(VLOOKUP(H11,KET!$B:$F,5,0),"") -> GMM | H11: KAIRO | I11: 835 | J11: 883 | K11: 615 | L11: 315 | M11: =SUM(I11:L11) -> 2648 | N11: 799 | O11: 757 | P11: 471 | Q11: 222 | R11: =SUM(N11:Q11) -> 2249
A12: 22 | B12: =IF(C12="","",UPPER(TEXT(C12, "MMM"))) -> MAY | C12: 46173 | D12: =IFERROR(VLOOKUP(H12,KET!$B:$F,2,0),"") -> GRSM 4 | E12: =IFERROR(VLOOKUP(H12,KET!$B:$F,3,0),"") -> TASIK | F12: =IFERROR(VLOOKUP(H12,KET!$B:$F,4,0),"") -> FAHMI LUKMANUL HAKIM | G12: =IFERROR(VLOOKUP(H12,KET!$B:$F,5,0),"") -> GMM | H12: KAIRO | I12: 799 | J12: 757 | K12: 471 | L12: 222 | M12: =SUM(I12:L12) -> 2249 | N12: 742 | O12: 697 | P12: 384 | Q12: 165 | R12: =SUM(N12:Q12) -> 1988
A13: 22 | B13: =IF(C13="","",UPPER(TEXT(C13, "MMM"))) -> MAY | C13: 46171 | D13: =IFERROR(VLOOKUP(H13,KET!$B:$F,2,0),"") -> GRSM 4 | E13: =IFERROR(VLOOKUP(H13,KET!$B:$F,3,0),"") -> KUNINGAN | F13: =IFERROR(VLOOKUP(H13,KET!$B:$F,4,0),"") -> FAHMI LUKMANUL HAKIM | G13: =IFERROR(VLOOKUP(H13,KET!$B:$F,5,0),"") -> GMM | H13: MITRA INDAH | I13: 582 | J13: 688 | K13: 1032 | L13: 3357 | M13: =SUM(I13:L13) -> 5659 | N13: 519 | O13: 627 | P13: 99 | Q13: 3283 | R13: =SUM(N13:Q13) -> 4528
A14: 22 | B14: =IF(C14="","",UPPER(TEXT(C14, "MMM"))) -> MAY | C14: 46171 | D14: =IFERROR(VLOOKUP(H14,KET!$B:$F,2,0),"") -> GRSM 4 | E14: =IFERROR(VLOOKUP(H14,KET!$B:$F,3,0),"") -> KUNINGAN | F14: =IFERROR(VLOOKUP(H14,KET!$B:$F,4,0),"") -> FAHMI LUKMANUL HAKIM | G14: =IFERROR(VLOOKUP(H14,KET!$B:$F,5,0),"") -> GMM | H14: MITRA INDAH | I14: 582 | J14: 688 | K14: 1032 | L14: 3357 | M14: =SUM(I14:L14) -> 5659 | N14: 486 | O14: 564 | P14: 938 | Q14: 3199 | R14: =SUM(N14:Q14) -> 5187
A15: 22 | B15: =IF(C15="","",UPPER(TEXT(C15, "MMM"))) -> MAY | C15: 46172 | D15: =IFERROR(VLOOKUP(H15,KET!$B:$F,2,0),"") -> GRSM 4 | E15: =IFERROR(VLOOKUP(H15,KET!$B:$F,3,0),"") -> KUNINGAN | F15: =IFERROR(VLOOKUP(H15,KET!$B:$F,4,0),"") -> FAHMI LUKMANUL HAKIM | G15: =IFERROR(VLOOKUP(H15,KET!$B:$F,5,0),"") -> GMM | H15: MITRA INDAH | I15: 486 | J15: 564 | K15: 938 | L15: 3199 | M15: =SUM(I15:L15) -> 5187 | N15: 429 | O15: 488 | P15: 909 | Q15: 3072 | R15: =SUM(N15:Q15) -> 4898
A16: 22 | B16: =IF(C16="","",UPPER(TEXT(C16, "MMM"))) -> MAY | C16: 46172 | D16: =IFERROR(VLOOKUP(H16,KET!$B:$F,2,0),"") -> GRSM 4 | E16: =IFERROR(VLOOKUP(H16,KET!$B:$F,3,0),"") -> KUNINGAN | F16: =IFERROR(VLOOKUP(H16,KET!$B:$F,4,0),"") -> FAHMI LUKMANUL HAKIM | G16: =IFERROR(VLOOKUP(H16,KET!$B:$F,5,0),"") -> GMM | H16: MITRA INDAH | I16: 486 | J16: 564 | K16: 938 | L16: 3199 | M16: =SUM(I16:L16) -> 5187 | N16: 386 | O16: 414 | P16: 885 | Q16: 2941 | R16: =SUM(N16:Q16) -> 4626
A17: 22 | B17: =IF(C17="","",UPPER(TEXT(C17, "MMM"))) -> MAY | C17: 46173 | D17: =IFERROR(VLOOKUP(H17,KET!$B:$F,2,0),"") -> GRSM 4 | E17: =IFERROR(VLOOKUP(H17,KET!$B:$F,3,0),"") -> KUNINGAN | F17: =IFERROR(VLOOKUP(H17,KET!$B:$F,4,0),"") -> FAHMI LUKMANUL HAKIM | G17: =IFERROR(VLOOKUP(H17,KET!$B:$F,5,0),"") -> GMM | H17: MITRA INDAH | I17: 386 | J17: 414 | K17: 885 | L17: 2941 | M17: =SUM(I17:L17) -> 4626 | N17: 326 | O17: 326 | P17: 852 | Q17: 2792 | R17: =SUM(N17:Q17) -> 4296
A18: 22 | B18: =IF(C18="","",UPPER(TEXT(C18, "MMM"))) -> MAY | C18: 46173 | D18: =IFERROR(VLOOKUP(H18,KET!$B:$F,2,0),"") -> GRSM 4 | E18: =IFERROR(VLOOKUP(H18,KET!$B:$F,3,0),"") -> KUNINGAN | F18: =IFERROR(VLOOKUP(H18,KET!$B:$F,4,0),"") -> FAHMI LUKMANUL HAKIM | G18: =IFERROR(VLOOKUP(H18,KET!$B:$F,5,0),"") -> GMM | H18: MITRA INDAH | I18: 386 | J18: 414 | K18: 885 | L18: 2941 | M18: =SUM(I18:L18) -> 4626 | N18: 279 | O18: 245 | P18: 823 | Q18: 2641 | R18: =SUM(N18:Q18) -> 3988
A19: 22 | B19: =IF(C19="","",UPPER(TEXT(C19, "MMM"))) -> MAY | C19: 46171 | D19: =IFERROR(VLOOKUP(H19,KET!$B:$F,2,0),"") -> GRSM 4 | E19: =IFERROR(VLOOKUP(H19,KET!$B:$F,3,0),"") -> TASIK | F19: =IFERROR(VLOOKUP(H19,KET!$B:$F,4,0),"") -> FAHMI LUKMANUL HAKIM | G19: =IFERROR(VLOOKUP(H19,KET!$B:$F,5,0),"") -> GMM | H19: YOGYA CIAMIS * | I19: 818 | J19: 1238 | K19: 1032 | L19: - | M19: =SUM(I19:L19) -> 3088 | N19: 770 | O19: 1175 | P19: 978 | Q19: - | R19: =SUM(N19:Q19) -> 2923
A20: 22 | B20: =IF(C20="","",UPPER(TEXT(C20, "MMM"))) -> MAY | C20: 46171 | D20: =IFERROR(VLOOKUP(H20,KET!$B:$F,2,0),"") -> GRSM 4 | E20: =IFERROR(VLOOKUP(H20,KET!$B:$F,3,0),"") -> TASIK | F20: =IFERROR(VLOOKUP(H20,KET!$B:$F,4,0),"") -> FAHMI LUKMANUL HAKIM | G20: =IFERROR(VLOOKUP(H20,KET!$B:$F,5,0),"") -> GMM | H20: YOGYA CIAMIS * | I20: 818 | J20: 1238 | K20: 1032 | L20: - | M20: =SUM(I20:L20) -> 3088 | N20: 776 | O20: 1121 | P20: 975 | Q20: - | R20: =SUM(N20:Q20) -> 2872
A21: 22 | B21: =IF(C21="","",UPPER(TEXT(C21, "MMM"))) -> MAY | C21: 46172 | D21: =IFERROR(VLOOKUP(H21,KET!$B:$F,2,0),"") -> GRSM 4 | E21: =IFERROR(VLOOKUP(H21,KET!$B:$F,3,0),"") -> TASIK | F21: =IFERROR(VLOOKUP(H21,KET!$B:$F,4,0),"") -> FAHMI LUKMANUL HAKIM | G21: =IFERROR(VLOOKUP(H21,KET!$B:$F,5,0),"") -> GMM | H21: YOGYA CIAMIS * | I21: 776 | J21: 1137 | K21: 975 | L21: - | M21: =SUM(I21:L21) -> 2888 | N21: 689 | O21: 989 | P21: 905 | Q21: - | R21: =SUM(N21:Q21) -> 2583
A22: 22 | B22: =IF(C22="","",UPPER(TEXT(C22, "MMM"))) -> MAY | C22: 46172 | D22: =IFERROR(VLOOKUP(H22,KET!$B:$F,2,0),"") -> GRSM 4 | E22: =IFERROR(VLOOKUP(H22,KET!$B:$F,3,0),"") -> TASIK | F22: =IFERROR(VLOOKUP(H22,KET!$B:$F,4,0),"") -> FAHMI LUKMANUL HAKIM | G22: =IFERROR(VLOOKUP(H22,KET!$B:$F,5,0),"") -> GMM | H22: YOGYA CIAMIS * | I22: 776 | J22: 1137 | K22: 975 | L22: - | M22: =SUM(I22:L22) -> 2888 | N22: 702 | O22: 983 | P22: 895 | Q22: - | R22: =SUM(N22:Q22) -> 2580
A23: 22 | B23: =IF(C23="","",UPPER(TEXT(C23, "MMM"))) -> MAY | C23: 46173 | D23: =IFERROR(VLOOKUP(H23,KET!$B:$F,2,0),"") -> GRSM 4 | E23: =IFERROR(VLOOKUP(H23,KET!$B:$F,3,0),"") -> TASIK | F23: =IFERROR(VLOOKUP(H23,KET!$B:$F,4,0),"") -> FAHMI LUKMANUL HAKIM | G23: =IFERROR(VLOOKUP(H23,KET!$B:$F,5,0),"") -> GMM | H23: YOGYA CIAMIS * | I23: 666 | J23: 842 | K23: 832 | L23: - | M23: =SUM(I23:L23) -> 2340 | N23: 624 | O23: 706 | P23: 767 | Q23: - | R23: =SUM(N23:Q23) -> 2097
A24: 22 | B24: =IF(C24="","",UPPER(TEXT(C24, "MMM"))) -> MAY | C24: 46173 | D24: =IFERROR(VLOOKUP(H24,KET!$B:$F,2,0),"") -> GRSM 4 | E24: =IFERROR(VLOOKUP(H24,KET!$B:$F,3,0),"") -> TASIK | F24: =IFERROR(VLOOKUP(H24,KET!$B:$F,4,0),"") -> FAHMI LUKMANUL HAKIM | G24: =IFERROR(VLOOKUP(H24,KET!$B:$F,5,0),"") -> GMM | H24: YOGYA CIAMIS * | I24: 702 | J24: 983 | K24: 895 | L24: - | M24: =SUM(I24:L24) -> 2580 | N24: 666 | O24: 842 | P24: 832 | Q24: - | R24: =SUM(N24:Q24) -> 2340
A25: 23 | B25: =IF(C25="","",UPPER(TEXT(C25, "MMM"))) -> JUN | C25: 46178 | D25: =IFERROR(VLOOKUP(H25,KET!$B:$F,2,0),"") -> GRSM 4 | E25: =IFERROR(VLOOKUP(H25,KET!$B:$F,3,0),"") -> TASIK | F25: =IFERROR(VLOOKUP(H25,KET!$B:$F,4,0),"") -> FAHMI LUKMANUL HAKIM | G25: =IFERROR(VLOOKUP(H25,KET!$B:$F,5,0),"") -> GMM | H25: KAIRO | I25: 1083 | J25: 1440 | K25: 1413 | L25: 1014 | M25: =SUM(I25:L25) -> 4950 | N25: 1053 | O25: 1374 | P25: 1356 | Q25: 954 | R25: =SUM(N25:Q25) -> 4737
A26: 23 | B26: =IF(C26="","",UPPER(TEXT(C26, "MMM"))) -> JUN | C26: 46178 | D26: =IFERROR(VLOOKUP(H26,KET!$B:$F,2,0),"") -> GRSM 4 | E26: =IFERROR(VLOOKUP(H26,KET!$B:$F,3,0),"") -> TASIK | F26: =IFERROR(VLOOKUP(H26,KET!$B:$F,4,0),"") -> FAHMI LUKMANUL HAKIM | G26: =IFERROR(VLOOKUP(H26,KET!$B:$F,5,0),"") -> GMM | H26: KAIRO | I26: 1053 | J26: 1474 | K26: 1356 | L26: 954 | M26: =SUM(I26:L26) -> 4837 | N26: 1023 | O26: 1320 | P26: 1293 | Q26: 834 | R26: =SUM(N26:Q26) -> 4470
A27: 23 | B27: =IF(C27="","",UPPER(TEXT(C27, "MMM"))) -> JUN | C27: 46178 | D27: =IFERROR(VLOOKUP(H27,KET!$B:$F,2,0),"") -> GRSM 3A | E27: =IFERROR(VLOOKUP(H27,KET!$B:$F,3,0),"") -> SUKABUMI | F27: =IFERROR(VLOOKUP(H27,KET!$B:$F,4,0),"") -> FAHMI LUKMANUL HAKIM | G27: =IFERROR(VLOOKUP(H27,KET!$B:$F,5,0),"") -> GMM | H27: MULTI GROSIR STASIUN | I27: 553 | J27: 1030 | K27: 682 | L27: 906 | M27: =SUM(I27:L27) -> 3171 | N27: 1053 | O27: 1374 | P27: 669 | Q27: 861 | R27: =SUM(N27:Q27) -> 3957
A28: 23 | B28: =IF(C28="","",UPPER(TEXT(C28, "MMM"))) -> JUN | C28: 46178 | D28: =IFERROR(VLOOKUP(H28,KET!$B:$F,2,0),"") -> GRSM 4 | E28: =IFERROR(VLOOKUP(H28,KET!$B:$F,3,0),"") -> KUNINGAN | F28: =IFERROR(VLOOKUP(H28,KET!$B:$F,4,0),"") -> FAHMI LUKMANUL HAKIM | G28: =IFERROR(VLOOKUP(H28,KET!$B:$F,5,0),"") -> GMM | H28: MITRA INDAH | I28: 279 | J28: 245 | K28: 823 | L28: 2641 | M28: =SUM(I28:L28) -> 3988 | N28: 189 | O28: 131 | P28: 716 | Q28: 2329 | R28: =SUM(N28:Q28) -> 3365
A29: 23 | B29: =IF(C29="","",UPPER(TEXT(C29, "MMM"))) -> JUN | C29: 46178 | D29: =IFERROR(VLOOKUP(H29,KET!$B:$F,2,0),"") -> GRSM 4 | E29: =IFERROR(VLOOKUP(H29,KET!$B:$F,3,0),"") -> KUNINGAN | F29: =IFERROR(VLOOKUP(H29,KET!$B:$F,4,0),"") -> FAHMI LUKMANUL HAKIM | G29: =IFERROR(VLOOKUP(H29,KET!$B:$F,5,0),"") -> GMM | H29: MITRA INDAH | I29: 279 | J29: 245 | K29: 823 | L29: 2641 | M29: =SUM(I29:L29) -> 3988 | N29: 228 | O29: 172 | P29: 766 | Q29: 2476 | R29: =SUM(N29:Q29) -> 3642
A30: 23 | B30: =IF(C30="","",UPPER(TEXT(C30, "MMM"))) -> JUN | C30: 46178 | D30: =IFERROR(VLOOKUP(H30,KET!$B:$F,2,0),"") -> GRSM 4 | E30: =IFERROR(VLOOKUP(H30,KET!$B:$F,3,0),"") -> GARUT | F30: =IFERROR(VLOOKUP(H30,KET!$B:$F,4,0),"") -> FAHMI LUKMANUL HAKIM | G30: =IFERROR(VLOOKUP(H30,KET!$B:$F,5,0),"") -> GMM | H30: PRATAMA PUTRA BANYURESMI | I30: 280 | J30: 450 | K30: 480 | L30: 2280 | M30: =SUM(I30:L30) -> 3490 | N30: 250 | O30: 415 | P30: 440 | Q30: 2175 | R30: =SUM(N30:Q30) -> 3280
A31: 23 | B31: =IF(C31="","",UPPER(TEXT(C31, "MMM"))) -> JUN | C31: 46178 | D31: =IFERROR(VLOOKUP(H31,KET!$B:$F,2,0),"") -> GRSM 4 | E31: =IFERROR(VLOOKUP(H31,KET!$B:$F,3,0),"") -> GARUT | F31: =IFERROR(VLOOKUP(H31,KET!$B:$F,4,0),"") -> FAHMI LUKMANUL HAKIM | G31: =IFERROR(VLOOKUP(H31,KET!$B:$F,5,0),"") -> GMM | H31: PRATAMA PUTRA BANYURESMI | I31: 280 | J31: 450 | K31: 480 | L31: 2280 | M31: =SUM(I31:L31) -> 3490 | N31: 255 | O31: 420 | P31: 445 | Q31: 2180 | R31: =SUM(N31:Q31) -> 3300
A32: 23 | B32: =IF(C32="","",UPPER(TEXT(C32, "MMM"))) -> JUN | C32: 46178 | D32: =IFERROR(VLOOKUP(H32,KET!$B:$F,2,0),"") -> GRSM 4 | E32: =IFERROR(VLOOKUP(H32,KET!$B:$F,3,0),"") -> TASIK | F32: =IFERROR(VLOOKUP(H32,KET!$B:$F,4,0),"") -> FAHMI LUKMANUL HAKIM | G32: =IFERROR(VLOOKUP(H32,KET!$B:$F,5,0),"") -> GMM | H32: M ZAMZAM TK (M2) | I32: 120 | J32: 110 | K32: 120 | L32: 144 | M32: =SUM(I32:L32) -> 494 | N32: 1080 | O32: 2250 | P32: 1362 | Q32: 3900 | R32: =SUM(N32:Q32) -> 8592
A33: 23 | B33: =IF(C33="","",UPPER(TEXT(C33, "MMM"))) -> JUN | C33: 46179 | D33: =IFERROR(VLOOKUP(H33,KET!$B:$F,2,0),"") -> GRSM 4 | E33: =IFERROR(VLOOKUP(H33,KET!$B:$F,3,0),"") -> TASIK | F33: =IFERROR(VLOOKUP(H33,KET!$B:$F,4,0),"") -> FAHMI LUKMANUL HAKIM | G33: =IFERROR(VLOOKUP(H33,KET!$B:$F,5,0),"") -> GMM | H33: M ZAMZAM TK (M2) | I33: 1080 | J33: 2250 | K33: 1362 | L33: 3900 | M33: =SUM(I33:L33) -> 8592 | N33: 960 | O33: 2110 | P33: 1222 | Q33: 3684 | R33: =SUM(N33:Q33) -> 7976
A34: 23 | B34: =IF(C34="","",UPPER(TEXT(C34, "MMM"))) -> JUN | C34: 46179 | D34: =IFERROR(VLOOKUP(H34,KET!$B:$F,2,0),"") -> GRSM 4 | E34: =IFERROR(VLOOKUP(H34,KET!$B:$F,3,0),"") -> TASIK | F34: =IFERROR(VLOOKUP(H34,KET!$B:$F,4,0),"") -> FAHMI LUKMANUL HAKIM | G34: =IFERROR(VLOOKUP(H34,KET!$B:$F,5,0),"") -> GMM | H34: KAIRO | I34: 1023 | J34: 1320 | K34: 1293 | L34: 834 | M34: =SUM(I34:L34) -> 4470 | N34: 993 | O34: 1239 | P34: 1236 | Q34: 735 | R34: =SUM(N34:Q34) -> 4203
A35: 23 | B35: =IF(C35="","",UPPER(TEXT(C35, "MMM"))) -> JUN | C35: 46179 | D35: =IFERROR(VLOOKUP(H35,KET!$B:$F,2,0),"") -> GRSM 4 | E35: =IFERROR(VLOOKUP(H35,KET!$B:$F,3,0),"") -> TASIK | F35: =IFERROR(VLOOKUP(H35,KET!$B:$F,4,0),"") -> FAHMI LUKMANUL HAKIM | G35: =IFERROR(VLOOKUP(H35,KET!$B:$F,5,0),"") -> GMM | H35: KAIRO | I35: 993 | J35: 1239 | K35: 1236 | L35: 735 | M35: =SUM(I35:L35) -> 4203 | N35: 954 | O35: 1179 | P35: 1164 | Q35: 654 | R35: =SUM(N35:Q35) -> 3951
A36: 23 | B36: =IF(C36="","",UPPER(TEXT(C36, "MMM"))) -> JUN | C36: 46179 | D36: =IFERROR(VLOOKUP(H36,KET!$B:$F,2,0),"") -> GRSM 4 | E36: =IFERROR(VLOOKUP(H36,KET!$B:$F,3,0),"") -> GARUT | F36: =IFERROR(VLOOKUP(H36,KET!$B:$F,4,0),"") -> FAHMI LUKMANUL HAKIM | G36: =IFERROR(VLOOKUP(H36,KET!$B:$F,5,0),"") -> GMM | H36: PRATAMA PUTRA BANYURESMI | I36: 225 | J36: 420 | K36: 445 | L36: 2180 | M36: =SUM(I36:L36) -> 3270 | N36: 185 | O36: 385 | P36: 405 | Q36: 2050 | R36: =SUM(N36:Q36) -> 3025
... A41: 23 | B41: =IF(C41="","",UPPER(TEXT(C41, "MMM"))) -> JUN | C41: 46179 | D41: =IFERROR(VLOOKUP(H41,KET!$B:$F,2,0),"") -> GRSM 3A | E41: =IFERROR(VLOOKUP(H41,KET!$B:$F,3,0),"") -> SUKABUMI | F41: =IFERROR(VLOOKUP(H41,KET!$B:$F,4,0),"") -> FAHMI LUKMANUL HAKIM | G41: =IFERROR(VLOOKUP(H41,KET!$B:$F,5,0),"") -> GMM | H41: MULTI GROSIR STASIUN | I41: 544 | J41: 1002 | K41: 655 | L41: 816 | M41: =SUM(I41:L41) -> 3017 | N41: 494 | O41: 954 | P41: 601 | Q41: 690 | R41: =SUM(N41:Q41) -> 2739
A42: 23 | B42: =IF(C42="","",UPPER(TEXT(C42, "MMM"))) -> JUN | C42: 46179 | D42: =IFERROR(VLOOKUP(H42,KET!$B:$F,2,0),"") -> GRSM 4 | E42: =IFERROR(VLOOKUP(H42,KET!$B:$F,3,0),"") -> TASIK | F42: =IFERROR(VLOOKUP(H42,KET!$B:$F,4,0),"") -> FAHMI LUKMANUL HAKIM | G42: =IFERROR(VLOOKUP(H42,KET!$B:$F,5,0),"") -> GMM | H42: YOGYA CIAMIS * | I42: 1216 | J42: 634 | K42: 665 | L42: - | M42: =SUM(I42:L42) -> 2515 | N42: 1182 | O42: 549 | P42: 616 | Q42: - | R42: =SUM(N42:Q42) -> 2347
A43: 23 | B43: =IF(C43="","",UPPER(TEXT(C43, "MMM"))) -> JUN | C43: 46180 | D43: =IFERROR(VLOOKUP(H43,KET!$B:$F,2,0),"") -> GRSM 4 | E43: =IFERROR(VLOOKUP(H43,KET!$B:$F,3,0),"") -> TASIK | F43: =IFERROR(VLOOKUP(H43,KET!$B:$F,4,0),"") -> FAHMI LUKMANUL HAKIM | G43: =IFERROR(VLOOKUP(H43,KET!$B:$F,5,0),"") -> GMM | H43: M ZAMZAM TK (M2) | I43: 860 | J43: 2000 | K43: 1102 | L43: 3500 | M43: =SUM(I43:L43) -> 7462 | N43: 788 | O43: 1910 | P43: 1012 | Q43: 3140 | R43: =SUM(N43:Q43) -> 6850
A44: 23 | B44: =IF(C44="","",UPPER(TEXT(C44, "MMM"))) -> JUN | C44: 46180 | D44: =IFERROR(VLOOKUP(H44,KET!$B:$F,2,0),"") -> GRSM 4 | E44: =IFERROR(VLOOKUP(H44,KET!$B:$F,3,0),"") -> TASIK | F44: =IFERROR(VLOOKUP(H44,KET!$B:$F,4,0),"") -> FAHMI LUKMANUL HAKIM | G44: =IFERROR(VLOOKUP(H44,KET!$B:$F,5,0),"") -> GMM | H44: KAIRO | I44: 927 | J44: 1125 | K44: 1104 | L44: 594 | M44: =SUM(I44:L44) -> 3750 | N44: 894 | O44: 1062 | P44: 1032 | Q44: 483 | R44: =SUM(N44:Q44) -> 3471
A45: 23 | B45: =IF(C45="","",UPPER(TEXT(C45, "MMM"))) -> JUN | C45: 46180 | D45: =IFERROR(VLOOKUP(H45,KET!$B:$F,2,0),"") -> GRSM 4 | E45: =IFERROR(VLOOKUP(H45,KET!$B:$F,3,0),"") -> TASIK | F45: =IFERROR(VLOOKUP(H45,KET!$B:$F,4,0),"") -> FAHMI LUKMANUL HAKIM | G45: =IFERROR(VLOOKUP(H45,KET!$B:$F,5,0),"") -> GMM | H45: KAIRO | I45: 954 | J45: 1179 | K45: 1164 | L45: 654 | M45: =SUM(I45:L45) -> 3951 | N45: 927 | O45: 1125 | P45: 1104 | Q45: 594 | R45: =SUM(N45:Q45) -> 3750
A46: 23 | B46: =IF(C46="","",UPPER(TEXT(C46, "MMM"))) -> JUN | C46: 46180 | D46: =IFERROR(VLOOKUP(H46,KET!$B:$F,2,0),"") -> GRSM 4 | E46: =IFERROR(VLOOKUP(H46,KET!$B:$F,3,0),"") -> KUNINGAN | F46: =IFERROR(VLOOKUP(H46,KET!$B:$F,4,0),"") -> FAHMI LUKMANUL HAKIM | G46: =IFERROR(VLOOKUP(H46,KET!$B:$F,5,0),"") -> GMM | H46: MITRA INDAH | I46: 212 | J46: 260 | K46: 616 | L46: 2019 | M46: =SUM(I46:L46) -> 3107 | N46: 145 | O46: 174 | P46: 516 | Q46: 1662 | R46: =SUM(N46:Q46) -> 2497
A47: 23 | B47: =IF(C47="","",UPPER(TEXT(C47, "MMM"))) -> JUN | C47: 46180 | D47: =IFERROR(VLOOKUP(H47,KET!$B:$F,2,0),"") -> GRSM 4 | E47: =IFERROR(VLOOKUP(H47,KET!$B:$F,3,0),"") -> KUNINGAN | F47: =IFERROR(VLOOKUP(H47,KET!$B:$F,4,0),"") -> FAHMI LUKMANUL HAKIM | G47: =IFERROR(VLOOKUP(H47,KET!$B:$F,5,0),"") -> GMM | H47: MITRA INDAH | I47: 212 | J47: 260 | K47: 616 | L47: 2019 | M47: =SUM(I47:L47) -> 3107 | N47: 173 | O47: 219 | P47: 563 | Q47: 1847 | R47: =SUM(N47:Q47) -> 2802
A48: 23 | B48: =IF(C48="","",UPPER(TEXT(C48, "MMM"))) -> JUN | C48: 46180 | D48: =IFERROR(VLOOKUP(H48,KET!$B:$F,2,0),"") -> GRSM 4 | E48: =IFERROR(VLOOKUP(H48,KET!$B:$F,3,0),"") -> GARUT | F48: =IFERROR(VLOOKUP(H48,KET!$B:$F,4,0),"") -> FAHMI LUKMANUL HAKIM | G48: =IFERROR(VLOOKUP(H48,KET!$B:$F,5,0),"") -> GMM | H48: PRATAMA PUTRA BANYURESMI | I48: 185 | J48: 385 | K48: 405 | L48: 2050 | M48: =SUM(I48:L48) -> 3025 | N48: 146 | O48: 357 | P48: 370 | Q48: 1915 | R48: =SUM(N48:Q48) -> 2788
A49: 23 | B49: =IF(C49="","",UPPER(TEXT(C49, "MMM"))) -> JUN | C49: 46180 | D49: =IFERROR(VLOOKUP(H49,KET!$B:$F,2,0),"") -> GRSM 4 | E49: =IFERROR(VLOOKUP(H49,KET!$B:$F,3,0),"") -> GARUT | F49: =IFERROR(VLOOKUP(H49,KET!$B:$F,4,0),"") -> FAHMI LUKMANUL HAKIM | G49: =IFERROR(VLOOKUP(H49,KET!$B:$F,5,0),"") -> GMM | H49: PRATAMA PUTRA BANYURESMI | I49: 205 | J49: 375 | K49: 395 | L49: 2040 | M49: =SUM(I49:L49) -> 3015 | N49: 150 | O49: 340 | P49: 355 | Q49: 1895 | R49: =SUM(N49:Q49) -> 2740
A50: 23 | B50: =IF(C50="","",UPPER(TEXT(C50, "MMM"))) -> JUN | C50: 46178 | D50: =IFERROR(VLOOKUP(H50,KET!$B:$F,2,0),"") -> GRSM 3A | E50: =IFERROR(VLOOKUP(H50,KET!$B:$F,3,0),"") -> SUKABUMI | F50: =IFERROR(VLOOKUP(H50,KET!$B:$F,4,0),"") -> FAHMI LUKMANUL HAKIM | G50: =IFERROR(VLOOKUP(H50,KET!$B:$F,5,0),"") -> GMM | H50: MULTI GROSIR STASIUN | I50: 553 | J50: 1030 | K50: 682 | L50: 906 | M50: =SUM(I50:L50) -> 3171 | N50: 1053 | O50: 1374 | P50: 668 | Q50: 861 | R50: =SUM(N50:Q50) -> 3956
A51: 23 | B51: =IF(C51="","",UPPER(TEXT(C51, "MMM"))) -> JUN | C51: 46178 | D51: =IFERROR(VLOOKUP(H51,KET!$B:$F,2,0),"") -> GRSM 4 | E51: =IFERROR(VLOOKUP(H51,KET!$B:$F,3,0),"") -> TASIK | F51: =IFERROR(VLOOKUP(H51,KET!$B:$F,4,0),"") -> FAHMI LUKMANUL HAKIM | G51: =IFERROR(VLOOKUP(H51,KET!$B:$F,5,0),"") -> GMM | H51: YOGYA CIAMIS * | I51: 1294 | J51: 783 | K51: 784 | L51: - | M51: =SUM(I51:L51) -> 2861 | N51: 1254 | O51: 724 | P51: 722 | Q51: - | R51: =SUM(N51:Q51) -> 2700
A52: 23 | B52: =IF(C52="","",UPPER(TEXT(C52, "MMM"))) -> JUN | C52: 46180 | D52: =IFERROR(VLOOKUP(H52,KET!$B:$F,2,0),"") -> GRSM 4 | E52: =IFERROR(VLOOKUP(H52,KET!$B:$F,3,0),"") -> TASIK | F52: =IFERROR(VLOOKUP(H52,KET!$B:$F,4,0),"") -> FAHMI LUKMANUL HAKIM | G52: =IFERROR(VLOOKUP(H52,KET!$B:$F,5,0),"") -> GMM | H52: YOGYA CIAMIS * | I52: 1153 | J52: 455 | K52: 540 | L52: - | M52: =SUM(I52:L52) -> 2148 | N52: 1130 | O52: 354 | P52: 458 | Q52: - | R52: =SUM(N52:Q52) -> 1942
A53: 24 | B53: =IF(C53="","",UPPER(TEXT(C53, "MMM"))) -> JUN | C53: 46181 | D53: =IFERROR(VLOOKUP(H53,KET!$B:$F,2,0),"") -> GRSM 3A | E53: =IFERROR(VLOOKUP(H53,KET!$B:$F,3,0),"") -> SUKABUMI | F53: =IFERROR(VLOOKUP(H53,KET!$B:$F,4,0),"") -> FAHMI LUKMANUL HAKIM | G53: =IFERROR(VLOOKUP(H53,KET!$B:$F,5,0),"") -> GMM | H53: MULTI GROSIR STASIUN | I53: 494 | J53: 954 | K53: 601 | L53: 690 | M53: =SUM(I53:L53) -> 2739 | N53: 476 | O53: 914 | P53: 571 | Q53: 612 | R53: =SUM(N53:Q53) -> 2573
A54: 24 | B54: =IF(C54="","",UPPER(TEXT(C54, "MMM"))) -> JUN | C54: 46181 | D54: =IFERROR(VLOOKUP(H54,KET!$B:$F,2,0),"") -> GRSM 3A | E54: =IFERROR(VLOOKUP(H54,KET!$B:$F,3,0),"") -> SUKABUMI | F54: =IFERROR(VLOOKUP(H54,KET!$B:$F,4,0),"") -> FAHMI LUKMANUL HAKIM | G54: =IFERROR(VLOOKUP(H54,KET!$B:$F,5,0),"") -> GMM | H54: MULTI GROSIR STASIUN | I54: 494 | J54: 954 | K54: 601 | L54: 690 | M54: =SUM(I54:L54) -> 2739 | N54: 476 | O54: 914 | P54: 571 | Q54: 612 | R54: =SUM(N54:Q54) -> 2573
A55: 24 | B55: =IF(C55="","",UPPER(TEXT(C55, "MMM"))) -> JUN | C55: 46185 | D55: =IFERROR(VLOOKUP(H55,KET!$B:$F,2,0),"") -> GRSM 4 | E55: =IFERROR(VLOOKUP(H55,KET!$B:$F,3,0),"") -> GARUT | F55: =IFERROR(VLOOKUP(H55,KET!$B:$F,4,0),"") -> FAHMI LUKMANUL HAKIM | G55: =IFERROR(VLOOKUP(H55,KET!$B:$F,5,0),"") -> GMM | H55: PRATAMA PUTRA BANYURESMI | I55: 320 | J55: 360 | K55: 400 | L55: 1710 | M55: =SUM(I55:L55) -> 2790 | N55: 390 | O55: 325 | P55: 367 | Q55: 1615 | R55: =SUM(N55:Q55) -> 2697
A56: 24 | B56: =IF(C56="","",UPPER(TEXT(C56, "MMM"))) -> JUN | C56: 46185 | D56: =IFERROR(VLOOKUP(H56,KET!$B:$F,2,0),"") -> GRSM 4 | E56: =IFERROR(VLOOKUP(H56,KET!$B:$F,3,0),"") -> GARUT | F56: =IFERROR(VLOOKUP(H56,KET!$B:$F,4,0),"") -> FAHMI LUKMANUL HAKIM | G56: =IFERROR(VLOOKUP(H56,KET!$B:$F,5,0),"") -> GMM | H56: PRATAMA PUTRA BANYURESMI | I56: 320 | J56: 360 | K56: 400 | L56: 1710 | M56: =SUM(I56:L56) -> 2790 | N56: 330 | O56: 372 | P56: 370 | Q56: 1617 | R56: =SUM(N56:Q56) -> 2689
A57: 24 | B57: =IF(C57="","",UPPER(TEXT(C57, "MMM"))) -> JUN | C57: 46185 | D57: =IFERROR(VLOOKUP(H57,KET!$B:$F,2,0),"") -> GRSM 4 | E57: =IFERROR(VLOOKUP(H57,KET!$B:$F,3,0),"") -> KUNINGAN | F57: =IFERROR(VLOOKUP(H57,KET!$B:$F,4,0),"") -> FAHMI LUKMANUL HAKIM | G57: =IFERROR(VLOOKUP(H57,KET!$B:$F,5,0),"") -> GMM | H57: MITRA INDAH | I57: 445 | J57: 474 | K57: 816 | L57: 2562 | M57: =SUM(I57:L57) -> 4297 | N57: 405 | O57: 408 | P57: 759 | Q57: 2374 | R57: =SUM(N57:Q57) -> 3946
A58: 24 | B58: =IF(C58="","",UPPER(TEXT(C58, "MMM"))) -> JUN | C58: 46185 | D58: =IFERROR(VLOOKUP(H58,KET!$B:$F,2,0),"") -> GRSM 4 | E58: =IFERROR(VLOOKUP(H58,KET!$B:$F,3,0),"") -> KUNINGAN | F58: =IFERROR(VLOOKUP(H58,KET!$B:$F,4,0),"") -> FAHMI LUKMANUL HAKIM | G58: =IFERROR(VLOOKUP(H58,KET!$B:$F,5,0),"") -> GMM | H58: MITRA INDAH | I58: 405 | J58: 408 | K58: 759 | L58: 2374 | M58: =SUM(I58:L58) -> 3946 | N58: 372 | O58: 341 | P58: 709 | Q58: 2200 | R58: =SUM(N58:Q58) -> 3622
A59: 24 | B59: =IF(C59="","",UPPER(TEXT(C59, "MMM"))) -> JUN | C59: 46185 | D59: =IFERROR(VLOOKUP(H59,KET!$B:$F,2,0),"") -> GRSM 3A | E59: =IFERROR(VLOOKUP(H59,KET!$B:$F,3,0),"") -> SUKABUMI | F59: =IFERROR(VLOOKUP(H59,KET!$B:$F,4,0),"") -> FAHMI LUKMANUL HAKIM | G59: =IFERROR(VLOOKUP(H59,KET!$B:$F,5,0),"") -> GMM | H59: MULTI GROSIR STASIUN | I59: 391 | J59: 954 | K59: 458 | L59: 1114 | M59: =SUM(I59:L59) -> 2917 | N59: 377 | O59: 704 | P59: 431 | Q59: 1079 | R59: =SUM(N59:Q59) -> 2591
A60: 24 | B60: =IF(C60="","",UPPER(TEXT(C60, "MMM"))) -> JUN | C60: 46185 | D60: =IFERROR(VLOOKUP(H60,KET!$B:$F,2,0),"") -> GRSM 3A | E60: =IFERROR(VLOOKUP(H60,KET!$B:$F,3,0),"") -> SUKABUMI | F60: =IFERROR(VLOOKUP(H60,KET!$B:$F,4,0),"") -> FAHMI LUKMANUL HAKIM | G60: =IFERROR(VLOOKUP(H60,KET!$B:$F,5,0),"") -> GMM | H60: MULTI GROSIR STASIUN | I60: 391 | J60: 954 | K60: 458 | L60: 1114 | M60: =SUM(I60:L60) -> 2917 | N60: 377 | O60: 704 | P60: 431 | Q60: 1079 | R60: =SUM(N60:Q60) -> 2591
A61: 24 | B61: =IF(C61="","",UPPER(TEXT(C61, "MMM"))) -> JUN | C61: 46185 | D61: =IFERROR(VLOOKUP(H61,KET!$B:$F,2,0),"") -> GRSM 4 | E61: =IFERROR(VLOOKUP(H61,KET!$B:$F,3,0),"") -> TASIK | F61: =IFERROR(VLOOKUP(H61,KET!$B:$F,4,0),"") -> FAHMI LUKMANUL HAKIM | G61: =IFERROR(VLOOKUP(H61,KET!$B:$F,5,0),"") -> GMM | H61: M ZAMZAM TK (M2) | I61: 860 | J61: 2000 | K61: 1102 | L61: 3500 | M61: =SUM(I61:L61) -> 7462 | N61: 830 | O61: 1952 | P61: 1054 | Q61: 3356 | R61: =SUM(N61:Q61) -> 7192
A62: 24 | B62: =IF(C62="","",UPPER(TEXT(C62, "MMM"))) -> JUN | C62: 46185 | D62: =IFERROR(VLOOKUP(H62,KET!$B:$F,2,0),"") -> GRSM 4 | E62: =IFERROR(VLOOKUP(H62,KET!$B:$F,3,0),"") -> TASIK | F62: =IFERROR(VLOOKUP(H62,KET!$B:$F,4,0),"") -> FAHMI LUKMANUL HAKIM | G62: =IFERROR(VLOOKUP(H62,KET!$B:$F,5,0),"") -> GMM | H62: M ZAMZAM TK (M2) | I62: 840 | J62: 1952 | K62: 1054 | L62: 3356 | M62: =SUM(I62:L62) -> 7202 | N62: 827 | O62: 1904 | P62: 1006 | Q62: 3199 | R62: =SUM(N62:Q62) -> 6936
A63: 24 | B63: =IF(C63="","",UPPER(TEXT(C63, "MMM"))) -> JUN | C63: 46185 | D63: =IFERROR(VLOOKUP(H63,KET!$B:$F,2,0),"") -> GRSM 4 | E63: =IFERROR(VLOOKUP(H63,KET!$B:$F,3,0),"") -> TASIK | F63: =IFERROR(VLOOKUP(H63,KET!$B:$F,4,0),"") -> FAHMI LUKMANUL HAKIM | G63: =IFERROR(VLOOKUP(H63,KET!$B:$F,5,0),"") -> GMM | H63: YOGYA CIAMIS * | I63: 1088 | J63: 1255 | K63: 1525 | L63: - | M63: =SUM(I63:L63) -> 3868 | N63: 1052 | O63: 1147 | P63: 1466 | Q63: - | R63: =SUM(N63:Q63) -> 3665
A64: 24 | B64: =IF(C64="","",UPPER(TEXT(C64, "MMM"))) -> JUN | C64: 46185 | D64: =IFERROR(VLOOKUP(H64,KET!$B:$F,2,0),"") -> GRSM 4 | E64: =IFERROR(VLOOKUP(H64,KET!$B:$F,3,0),"") -> TASIK | F64: =IFERROR(VLOOKUP(H64,KET!$B:$F,4,0),"") -> FAHMI LUKMANUL HAKIM | G64: =IFERROR(VLOOKUP(H64,KET!$B:$F,5,0),"") -> GMM | H64: YOGYA CIAMIS * | I64: 1137 | J64: 1380 | K64: 1576 | M64: =SUM(I64:L64) -> 4093 | N64: 1088 | O64: 1255 | P64: 1525 | R64: =SUM(N64:Q64) -> 3868
A65: 24 | B65: =IF(C65="","",UPPER(TEXT(C65, "MMM"))) -> JUN | C65: 46185 | D65: =IFERROR(VLOOKUP(H65,KET!$B:$F,2,0),"") -> GRSM 4 | E65: =IFERROR(VLOOKUP(H65,KET!$B:$F,3,0),"") -> TASIK | F65: =IFERROR(VLOOKUP(H65,KET!$B:$F,4,0),"") -> FAHMI LUKMANUL HAKIM | G65: =IFERROR(VLOOKUP(H65,KET!$B:$F,5,0),"") -> GMM | H65: KAIRO | I65: 894 | J65: 1062 | K65: 1032 | L65: 483 | M65: =SUM(I65:L65) -> 3471 | N65: 849 | O65: 1041 | P65: 987 | Q65: 417 | R65: =SUM(N65:Q65) -> 3294
A66: 24 | B66: =IF(C66="","",UPPER(TEXT(C66, "MMM"))) -> JUN | C66: 46185 | D66: =IFERROR(VLOOKUP(H66,KET!$B:$F,2,0),"") -> GRSM 4 | E66: =IFERROR(VLOOKUP(H66,KET!$B:$F,3,0),"") -> TASIK | F66: =IFERROR(VLOOKUP(H66,KET!$B:$F,4,0),"") -> FAHMI LUKMANUL HAKIM | G66: =IFERROR(VLOOKUP(H66,KET!$B:$F,5,0),"") -> GMM | H66: KAIRO | I66: 849 | J66: 1041 | K66: 987 | L66: 417 | M66: =SUM(I66:L66) -> 3294 | N66: 828 | O66: 993 | P66: 937 | Q66: 330 | R66: =SUM(N66:Q66) -> 3088
A67: 24 | B67: =IF(C67="","",UPPER(TEXT(C67, "MMM"))) -> JUN | C67: 46186 | D67: =IFERROR(VLOOKUP(H67,KET!$B:$F,2,0),"") -> GRSM 4 | E67: =IFERROR(VLOOKUP(H67,KET!$B:$F,3,0),"") -> KUNINGAN | F67: =IFERROR(VLOOKUP(H67,KET!$B:$F,4,0),"") -> FAHMI LUKMANUL HAKIM | G67: =IFERROR(VLOOKUP(H67,KET!$B:$F,5,0),"") -> GMM | H67: MITRA INDAH | I67: 372 | J67: 341 | K67: 709 | L67: 2200 | M67: =SUM(I67:L67) -> 3622 | N67: 328 | O67: 270 | P67: 646 | Q67: 2009 | R67: =SUM(N67:Q67) -> 3253
A68: 24 | B68: =IF(C68="","",UPPER(TEXT(C68, "MMM"))) -> JUN | C68: 46186 | D68: =IFERROR(VLOOKUP(H68,KET!$B:$F,2,0),"") -> GRSM 4 | E68: =IFERROR(VLOOKUP(H68,KET!$B:$F,3,0),"") -> KUNINGAN | F68: =IFERROR(VLOOKUP(H68,KET!$B:$F,4,0),"") -> FAHMI LUKMANUL HAKIM | G68: =IFERROR(VLOOKUP(H68,KET!$B:$F,5,0),"") -> GMM | H68: MITRA INDAH | I68: 328 | J68: 270 | K68: 646 | L68: 2009 | M68: =SUM(I68:L68) -> 3253 | N68: 3297 | O68: 202 | P68: 587 | Q68: 1838 | R68: =SUM(N68:Q68) -> 5924
A69: 24 | B69: =IF(C69="","",UPPER(TEXT(C69, "MMM"))) -> JUN | C69: 46186 | D69: =IFERROR(VLOOKUP(H69,KET!$B:$F,2,0),"") -> GRSM 4 | E69: =IFERROR(VLOOKUP(H69,KET!$B:$F,3,0),"") -> GARUT | F69: =IFERROR(VLOOKUP(H69,KET!$B:$F,4,0),"") -> FAHMI LUKMANUL HAKIM | G69: =IFERROR(VLOOKUP(H69,KET!$B:$F,5,0),"") -> GMM | H69: PRATAMA PUTRA BANYURESMI | I69: 330 | J69: 372 | K69: 370 | L69: 1617 | M69: =SUM(I69:L69) -> 2689 | N69: 292 | O69: 330 | P69: 335 | Q69: 1047 | R69: =SUM(N69:Q69) -> 2004
A70: 24 | B70: =IF(C70="","",UPPER(TEXT(C70, "MMM"))) -> JUN | C70: 46186 | D70: =IFERROR(VLOOKUP(H70,KET!$B:$F,2,0),"") -> GRSM 4 | E70: =IFERROR(VLOOKUP(H70,KET!$B:$F,3,0),"") -> GARUT | F70: =IFERROR(VLOOKUP(H70,KET!$B:$F,4,0),"") -> FAHMI LUKMANUL HAKIM | G70: =IFERROR(VLOOKUP(H70,KET!$B:$F,5,0),"") -> GMM | H70: PRATAMA PUTRA BANYURESMI | I70: 390 | J70: 325 | K70: 367 | L70: 1615 | M70: =SUM(I70:L70) -> 2697 | N70: 347 | O70: 280 | P70: 324 | Q70: 1491 | R70: =SUM(N70:Q70) -> 2442
A71: 24 | B71: =IF(C71="","",UPPER(TEXT(C71, "MMM"))) -> JUN | C71: 46186 | D71: =IFERROR(VLOOKUP(H71,KET!$B:$F,2,0),"") -> GRSM 4 | E71: =IFERROR(VLOOKUP(H71,KET!$B:$F,3,0),"") -> TASIK | F71: =IFERROR(VLOOKUP(H71,KET!$B:$F,4,0),"") -> FAHMI LUKMANUL HAKIM | G71: =IFERROR(VLOOKUP(H71,KET!$B:$F,5,0),"") -> GMM | H71: KAIRO | I71: 987 | J71: 1233 | K71: 1117 | L71: 1530 | M71: =SUM(I71:L71) -> 4867 | N71: 987 | O71: 1173 | P71: 951 | Q71: 1428 | R71: =SUM(N71:Q71) -> 4539
A72: 24 | B72: =IF(C72="","",UPPER(TEXT(C72, "MMM"))) -> JUN | C72: 46186 | D72: =IFERROR(VLOOKUP(H72,KET!$B:$F,2,0),"") -> GRSM 4 | E72: =IFERROR(VLOOKUP(H72,KET!$B:$F,3,0),"") -> TASIK | F72: =IFERROR(VLOOKUP(H72,KET!$B:$F,4,0),"") -> FAHMI LUKMANUL HAKIM | G72: =IFERROR(VLOOKUP(H72,KET!$B:$F,5,0),"") -> GMM | H72: KAIRO | I72: 828 | J72: 993 | K72: 937 | L72: 330 | M72: =SUM(I72:L72) -> 3088 | N72: 942 | O72: 1119 | P72: 879 | Q72: 1287 | R72: =SUM(N72:Q72) -> 4227
A73: 24 | B73: =IF(C73="","",UPPER(TEXT(C73, "MMM"))) -> JUN | C73: 46186 | D73: =IFERROR(VLOOKUP(H73,KET!$B:$F,2,0),"") -> GRSM 3A | E73: =IFERROR(VLOOKUP(H73,KET!$B:$F,3,0),"") -> SUKABUMI | F73: =IFERROR(VLOOKUP(H73,KET!$B:$F,4,0),"") -> FAHMI LUKMANUL HAKIM | G73: =IFERROR(VLOOKUP(H73,KET!$B:$F,5,0),"") -> GMM | H73: MULTI GROSIR STASIUN | I73: 363 | J73: 680 | K73: 406 | L73: 1048 | M73: =SUM(I73:L73) -> 2497 | N73: 357 | O73: 657 | P73: 376 | Q73: 988 | R73: =SUM(N73:Q73) -> 2378
A74: 24 | B74: =IF(C74="","",UPPER(TEXT(C74, "MMM"))) -> JUN | C74: 46186 | D74: =IFERROR(VLOOKUP(H74,KET!$B:$F,2,0),"") -> GRSM 3A | E74: =IFERROR(VLOOKUP(H74,KET!$B:$F,3,0),"") -> SUKABUMI | F74: =IFERROR(VLOOKUP(H74,KET!$B:$F,4,0),"") -> FAHMI LUKMANUL HAKIM | G74: =IFERROR(VLOOKUP(H74,KET!$B:$F,5,0),"") -> GMM | H74: MULTI GROSIR STASIUN | I74: 363 | J74: 680 | K74: 406 | L74: 1048 | M74: =SUM(I74:L74) -> 2497 | N74: 357 | O74: 657 | P74: 376 | Q74: 988 | R74: =SUM(N74:Q74) -> 2378
A75: 24 | B75: =IF(C75="","",UPPER(TEXT(C75, "MMM"))) -> JUN | C75: 46186 | D75: =IFERROR(VLOOKUP(H75,KET!$B:$F,2,0),"") -> GRSM 4 | E75: =IFERROR(VLOOKUP(H75,KET!$B:$F,3,0),"") -> TASIK | F75: =IFERROR(VLOOKUP(H75,KET!$B:$F,4,0),"") -> FAHMI LUKMANUL HAKIM | G75: =IFERROR(VLOOKUP(H75,KET!$B:$F,5,0),"") -> GMM | H75: M ZAMZAM TK (M2) | I75: 827 | J75: 1904 | K75: 1006 | L75: 3199 | M75: =SUM(I75:L75) -> 6936 | N75: 767 | O75: 1844 | P75: 946 | Q75: 3019 | R75: =SUM(N75:Q75) -> 6576
A76: 24 | B76: =IF(C76="","",UPPER(TEXT(C76, "MMM"))) -> JUN | C76: 46186 | D76: =IFERROR(VLOOKUP(H76,KET!$B:$F,2,0),"") -> GRSM 4 | E76: =IFERROR(VLOOKUP(H76,KET!$B:$F,3,0),"") -> TASIK | F76: =IFERROR(VLOOKUP(H76,KET!$B:$F,4,0),"") -> FAHMI LUKMANUL HAKIM | G76: =IFERROR(VLOOKUP(H76,KET!$B:$F,5,0),"") -> GMM | H76: M ZAMZAM TK (M2) | I76: 767 | J76: 1844 | K76: 946 | L76: 3019 | M76: =SUM(I76:L76) -> 6576 | N76: 731 | O76: 1796 | P76: 886 | Q76: 2839 | R76: =SUM(N76:Q76) -> 6252
A77: 24 | B77: =IF(C77="","",UPPER(TEXT(C77, "MMM"))) -> JUN | C77: 46186 | D77: =IFERROR(VLOOKUP(H77,KET!$B:$F,2,0),"") -> GRSM 4 | E77: =IFERROR(VLOOKUP(H77,KET!$B:$F,3,0),"") -> TASIK | F77: =IFERROR(VLOOKUP(H77,KET!$B:$F,4,0),"") -> FAHMI LUKMANUL HAKIM | G77: =IFERROR(VLOOKUP(H77,KET!$B:$F,5,0),"") -> GMM | H77: YOGYA CIAMIS * | I77: 1073 | J77: 1228 | K77: 1456 | M77: =SUM(I77:L77) -> 3757 | N77: 1028 | O77: 1130 | P77: 1389 | R77: =SUM(N77:Q77) -> 3547
A78: 24 | B78: =IF(C78="","",UPPER(TEXT(C78, "MMM"))) -> JUN | C78: 46186 | D78: =IFERROR(VLOOKUP(H78,KET!$B:$F,2,0),"") -> GRSM 4 | E78: =IFERROR(VLOOKUP(H78,KET!$B:$F,3,0),"") -> TASIK | F78: =IFERROR(VLOOKUP(H78,KET!$B:$F,4,0),"") -> FAHMI LUKMANUL HAKIM | G78: =IFERROR(VLOOKUP(H78,KET!$B:$F,5,0),"") -> GMM | H78: YOGYA CIAMIS * | I78: 1112 | J78: 1334 | K78: 1529 | M78: =SUM(I78:L78) -> 3975 | N78: 1073 | O78: 1228 | P78: 1456 | R78: =SUM(N78:Q78) -> 3757
A79: 24 | B79: =IF(C79="","",UPPER(TEXT(C79, "MMM"))) -> JUN | C79: 46187 | D79: =IFERROR(VLOOKUP(H79,KET!$B:$F,2,0),"") -> GRSM 4 | E79: =IFERROR(VLOOKUP(H79,KET!$B:$F,3,0),"") -> GARUT | F79: =IFERROR(VLOOKUP(H79,KET!$B:$F,4,0),"") -> FAHMI LUKMANUL HAKIM | G79: =IFERROR(VLOOKUP(H79,KET!$B:$F,5,0),"") -> GMM | H79: PRATAMA PUTRA BANYURESMI | I79: 347 | J79: 280 | K79: 324 | L79: 1491 | M79: =SUM(I79:L79) -> 2442 | N79: 292 | O79: 233 | P79: 244 | Q79: 1309 | R79: =SUM(N79:Q79) -> 2078
A80: 24 | B80: =IF(C80="","",UPPER(TEXT(C80, "MMM"))) -> JUN | C80: 46187 | D80: =IFERROR(VLOOKUP(H80,KET!$B:$F,2,0),"") -> GRSM 4 | E80: =IFERROR(VLOOKUP(H80,KET!$B:$F,3,0),"") -> GARUT | F80: =IFERROR(VLOOKUP(H80,KET!$B:$F,4,0),"") -> FAHMI LUKMANUL HAKIM | G80: =IFERROR(VLOOKUP(H80,KET!$B:$F,5,0),"") -> GMM | H80: PRATAMA PUTRA BANYURESMI | I80: 292 | J80: 330 | K80: 335 | L80: 1047 | M80: =SUM(I80:L80) -> 2004 | N80: 241 | O80: 291 | P80: 263 | Q80: 895 | R80: =SUM(N80:Q80) -> 1690
A81: 24 | B81: =IF(C81="","",UPPER(TEXT(C81, "MMM"))) -> JUN | C81: 46187 | D81: =IFERROR(VLOOKUP(H81,KET!$B:$F,2,0),"") -> GRSM 4 | E81: =IFERROR(VLOOKUP(H81,KET!$B:$F,3,0),"") -> KUNINGAN | F81: =IFERROR(VLOOKUP(H81,KET!$B:$F,4,0),"") -> FAHMI LUKMANUL HAKIM | G81: =IFERROR(VLOOKUP(H81,KET!$B:$F,5,0),"") -> GMM | H81: MITRA INDAH | I81: 329 | J81: 202 | K81: 587 | L81: 1838 | M81: =SUM(I81:L81) -> 2956 | N81: 281 | O81: 127 | P81: 522 | Q81: 1644 | R81: =SUM(N81:Q81) -> 2574
A82: 24 | B82: =IF(C82="","",UPPER(TEXT(C82, "MMM"))) -> JUN | C82: 46187 | D82: =IFERROR(VLOOKUP(H82,KET!$B:$F,2,0),"") -> GRSM 4 | E82: =IFERROR(VLOOKUP(H82,KET!$B:$F,3,0),"") -> KUNINGAN | F82: =IFERROR(VLOOKUP(H82,KET!$B:$F,4,0),"") -> FAHMI LUKMANUL HAKIM | G82: =IFERROR(VLOOKUP(H82,KET!$B:$F,5,0),"") -> GMM | H82: MITRA INDAH | I82: 281 | J82: 127 | K82: 522 | L82: 1644 | M82: =SUM(I82:L82) -> 2574 | N82: 228 | O82: 61 | P82: 472 | Q82: 1455 | R82: =SUM(N82:Q82) -> 2216
A83: 24 | B83: =IF(C83="","",UPPER(TEXT(C83, "MMM"))) -> JUN | C83: 46187 | D83: =IFERROR(VLOOKUP(H83,KET!$B:$F,2,0),"") -> GRSM 4 | E83: =IFERROR(VLOOKUP(H83,KET!$B:$F,3,0),"") -> TASIK | F83: =IFERROR(VLOOKUP(H83,KET!$B:$F,4,0),"") -> FAHMI LUKMANUL HAKIM | G83: =IFERROR(VLOOKUP(H83,KET!$B:$F,5,0),"") -> GMM | H83: KAIRO | I83: 942 | J83: 1119 | K83: 879 | L83: 1287 | M83: =SUM(I83:L83) -> 4227 | N83: 909 | O83: 1047 | P83: 801 | Q83: 1194 | R83: =SUM(N83:Q83) -> 3951
A84: 24 | B84: =IF(C84="","",UPPER(TEXT(C84, "MMM"))) -> JUN | C84: 46187 | D84: =IFERROR(VLOOKUP(H84,KET!$B:$F,2,0),"") -> GRSM 4 | E84: =IFERROR(VLOOKUP(H84,KET!$B:$F,3,0),"") -> TASIK | F84: =IFERROR(VLOOKUP(H84,KET!$B:$F,4,0),"") -> FAHMI LUKMANUL HAKIM | G84: =IFERROR(VLOOKUP(H84,KET!$B:$F,5,0),"") -> GMM | H84: KAIRO | I84: 909 | J84: 1047 | K84: 801 | L84: 1194 | M84: =SUM(I84:L84) -> 3951 | N84: 861 | O84: 987 | P84: 753 | Q84: 1137 | R84: =SUM(N84:Q84) -> 3738
A85: 24 | B85: =IF(C85="","",UPPER(TEXT(C85, "MMM"))) -> JUN | C85: 46187 | D85: =IFERROR(VLOOKUP(H85,KET!$B:$F,2,0),"") -> GRSM 4 | E85: =IFERROR(VLOOKUP(H85,KET!$B:$F,3,0),"") -> TASIK | F85: =IFERROR(VLOOKUP(H85,KET!$B:$F,4,0),"") -> FAHMI LUKMANUL HAKIM | G85: =IFERROR(VLOOKUP(H85,KET!$B:$F,5,0),"") -> GMM | H85: M ZAMZAM TK (M2) | I85: 695 | J85: 1736 | K85: 814 | L85: 2635 | M85: =SUM(I85:L85) -> 5880 | N85: 685 | O85: 1676 | P85: 814 | Q85: 2459 | R85: =SUM(N85:Q85) -> 5634
A86: 24 | B86: =IF(C86="","",UPPER(TEXT(C86, "MMM"))) -> JUN | C86: 46187 | D86: =IFERROR(VLOOKUP(H86,KET!$B:$F,2,0),"") -> GRSM 4 | E86: =IFERROR(VLOOKUP(H86,KET!$B:$F,3,0),"") -> TASIK | F86: =IFERROR(VLOOKUP(H86,KET!$B:$F,4,0),"") -> FAHMI LUKMANUL HAKIM | G86: =IFERROR(VLOOKUP(H86,KET!$B:$F,5,0),"") -> GMM | H86: M ZAMZAM TK (M2) | I86: 695 | J86: 1736 | K86: 814 | L86: 2635 | M86: =SUM(I86:L86) -> 5880 | N86: 635 | O86: 1676 | P86: 754 | Q86: 2459 | R86: =SUM(N86:Q86) -> 5524
A87: 24 | B87: =IF(C87="","",UPPER(TEXT(C87, "MMM"))) -> JUN | C87: 46187 | D87: =IFERROR(VLOOKUP(H87,KET!$B:$F,2,0),"") -> GRSM 4 | E87: =IFERROR(VLOOKUP(H87,KET!$B:$F,3,0),"") -> TASIK | F87: =IFERROR(VLOOKUP(H87,KET!$B:$F,4,0),"") -> FAHMI LUKMANUL HAKIM | G87: =IFERROR(VLOOKUP(H87,KET!$B:$F,5,0),"") -> GMM | H87: YOGYA CIAMIS * | I87: 1039 | J87: 1092 | K87: 1368 | M87: =SUM(I87:L87) -> 3499 | N87: 1008 | O87: 1092 | P87: 1368 | R87: =SUM(N87:Q87) -> 3468
A88: 24 | B88: =IF(C88="","",UPPER(TEXT(C88, "MMM"))) -> JUN | C88: 46187 | D88: =IFERROR(VLOOKUP(H88,KET!$B:$F,2,0),"") -> GRSM 4 | E88: =IFERROR(VLOOKUP(H88,KET!$B:$F,3,0),"") -> TASIK | F88: =IFERROR(VLOOKUP(H88,KET!$B:$F,4,0),"") -> FAHMI LUKMANUL HAKIM | G88: =IFERROR(VLOOKUP(H88,KET!$B:$F,5,0),"") -> GMM | H88: YOGYA CIAMIS * | I88: 1063 | J88: 1188 | K88: 1485 | M88: =SUM(I88:L88) -> 3736 | N88: 1039 | O88: 1092 | P88: 1368 | R88: =SUM(N88:Q88) -> 3499
A89: 25 | B89: =IF(C89="","",UPPER(TEXT(C89, "MMM"))) -> JUN | C89: 46188 | D89: =IFERROR(VLOOKUP(H89,KET!$B:$F,2,0),"") -> GRSM 3A | E89: =IFERROR(VLOOKUP(H89,KET!$B:$F,3,0),"") -> SUKABUMI | F89: =IFERROR(VLOOKUP(H89,KET!$B:$F,4,0),"") -> FAHMI LUKMANUL HAKIM | G89: =IFERROR(VLOOKUP(H89,KET!$B:$F,5,0),"") -> GMM | H89: MULTI GROSIR STASIUN | I89: 353 | J89: 609 | K89: 348 | L89: 928 | M89: =SUM(I89:L89) -> 2238 | N89: 341 | O89: 657 | P89: 332 | Q89: 883 | R89: =SUM(N89:Q89) -> 2213
A90: 25 | B90: =IF(C90="","",UPPER(TEXT(C90, "MMM"))) -> JUN | C90: 46188 | D90: =IFERROR(VLOOKUP(H90,KET!$B:$F,2,0),"") -> GRSM 3A | E90: =IFERROR(VLOOKUP(H90,KET!$B:$F,3,0),"") -> SUKABUMI | F90: =IFERROR(VLOOKUP(H90,KET!$B:$F,4,0),"") -> FAHMI LUKMANUL HAKIM | G90: =IFERROR(VLOOKUP(H90,KET!$B:$F,5,0),"") -> GMM | H90: MULTI GROSIR STASIUN | I90: 353 | J90: 609 | K90: 348 | L90: 928 | M90: =SUM(I90:L90) -> 2238 | N90: 341 | O90: 657 | P90: 332 | Q90: 883 | R90: =SUM(N90:Q90) -> 2213
A91: 25 | B91: =IF(C91="","",UPPER(TEXT(C91, "MMM"))) -> JUN | C91: 46192 | D91: =IFERROR(VLOOKUP(H91,KET!$B:$F,2,0),"") -> GRSM 4 | E91: =IFERROR(VLOOKUP(H91,KET!$B:$F,3,0),"") -> TASIK | F91: =IFERROR(VLOOKUP(H91,KET!$B:$F,4,0),"") -> FAHMI LUKMANUL HAKIM | G91: =IFERROR(VLOOKUP(H91,KET!$B:$F,5,0),"") -> GMM | H91: KAIRO | I91: 924 | J91: 1089 | K91: 1035 | L91: 1317 | M91: =SUM(I91:L91) -> 4365 | N91: 897 | O91: 1026 | P91: 981 | Q91: 1239 | R91: =SUM(N91:Q91) -> 4143
A92: 25 | B92: =IF(C92="","",UPPER(TEXT(C92, "MMM"))) -> JUN | C92: 46192 | D92: =IFERROR(VLOOKUP(H92,KET!$B:$F,2,0),"") -> GRSM 4 | E92: =IFERROR(VLOOKUP(H92,KET!$B:$F,3,0),"") -> TASIK | F92: =IFERROR(VLOOKUP(H92,KET!$B:$F,4,0),"") -> FAHMI LUKMANUL HAKIM | G92: =IFERROR(VLOOKUP(H92,KET!$B:$F,5,0),"") -> GMM | H92: KAIRO | I92: 960 | J92: 1140 | K92: 1080 | L92: 1440 | M92: =SUM(I92:L92) -> 4620 | N92: 924 | O92: 1089 | P92: 1035 | Q92: 1317 | R92: =SUM(N92:Q92) -> 4365
A93: 25 | B93: =IF(C93="","",UPPER(TEXT(C93, "MMM"))) -> JUN | C93: 46192 | D93: =IFERROR(VLOOKUP(H93,KET!$B:$F,2,0),"") -> GRSM 4 | E93: =IFERROR(VLOOKUP(H93,KET!$B:$F,3,0),"") -> TASIK | F93: =IFERROR(VLOOKUP(H93,KET!$B:$F,4,0),"") -> FAHMI LUKMANUL HAKIM | G93: =IFERROR(VLOOKUP(H93,KET!$B:$F,5,0),"") -> GMM | H93: M ZAMZAM TK (M2) | I93: 635 | J93: 1676 | K93: 754 | L93: 2455 | M93: =SUM(I93:L93) -> 5520 | N93: 593 | O93: 1628 | P93: 706 | Q93: 2335 | R93: =SUM(N93:Q93) -> 5262
A94: 25 | B94: =IF(C94="","",UPPER(TEXT(C94, "MMM"))) -> JUN | C94: 46192 | D94: =IFERROR(VLOOKUP(H94,KET!$B:$F,2,0),"") -> GRSM 4 | E94: =IFERROR(VLOOKUP(H94,KET!$B:$F,3,0),"") -> TASIK | F94: =IFERROR(VLOOKUP(H94,KET!$B:$F,4,0),"") -> FAHMI LUKMANUL HAKIM | G94: =IFERROR(VLOOKUP(H94,KET!$B:$F,5,0),"") -> GMM | H94: M ZAMZAM TK (M2) | I94: 635 | J94: 1676 | K94: 754 | L94: 2455 | M94: =SUM(I94:L94) -> 5520 | N94: 593 | O94: 1628 | P94: 706 | Q94: 2335 | R94: =SUM(N94:Q94) -> 5262
A95: 25 | B95: =IF(C95="","",UPPER(TEXT(C95, "MMM"))) -> JUN | C95: 46192 | D95: =IFERROR(VLOOKUP(H95,KET!$B:$F,2,0),"") -> GRSM 4 | E95: =IFERROR(VLOOKUP(H95,KET!$B:$F,3,0),"") -> TASIK | F95: =IFERROR(VLOOKUP(H95,KET!$B:$F,4,0),"") -> FAHMI LUKMANUL HAKIM | G95: =IFERROR(VLOOKUP(H95,KET!$B:$F,5,0),"") -> GMM | H95: YOGYA CIAMIS * | I95: 932 | J95: 1114 | K95: 1321 | L95: 488 | M95: =SUM(I95:L95) -> 3855 | N95: 897 | O95: 1043 | P95: 1279 | Q95: 406 | R95: =SUM(N95:Q95) -> 3625
A96: 25 | B96: =IF(C96="","",UPPER(TEXT(C96, "MMM"))) -> JUN | C96: 46192 | D96: =IFERROR(VLOOKUP(H96,KET!$B:$F,2,0),"") -> GRSM 4 | E96: =IFERROR(VLOOKUP(H96,KET!$B:$F,3,0),"") -> TASIK | F96: =IFERROR(VLOOKUP(H96,KET!$B:$F,4,0),"") -> FAHMI LUKMANUL HAKIM | G96: =IFERROR(VLOOKUP(H96,KET!$B:$F,5,0),"") -> GMM | H96: YOGYA CIAMIS * | I96: 932 | J96: 1114 | K96: 1321 | L96: 488 | M96: =SUM(I96:L96) -> 3855 | N96: 897 | O96: 1043 | P96: 1279 | Q96: 406 | R96: =SUM(N96:Q96) -> 3625
A97: 25 | B97: =IF(C97="","",UPPER(TEXT(C97, "MMM"))) -> JUN | C97: 46192 | D97: =IFERROR(VLOOKUP(H97,KET!$B:$F,2,0),"") -> GRSM 4 | E97: =IFERROR(VLOOKUP(H97,KET!$B:$F,3,0),"") -> GARUT | F97: =IFERROR(VLOOKUP(H97,KET!$B:$F,4,0),"") -> FAHMI LUKMANUL HAKIM | G97: =IFERROR(VLOOKUP(H97,KET!$B:$F,5,0),"") -> GMM | H97: PRATAMA PUTRA BANYURESMI | I97: 241 | J97: 440 | K97: 320 | L97: 895 | M97: =SUM(I97:L97) -> 1896 | N97: 211 | O97: 408 | P97: 282 | Q97: 815 | R97: =SUM(N97:Q97) -> 1716
A98: 25 | B98: =IF(C98="","",UPPER(TEXT(C98, "MMM"))) -> JUN | C98: 46192 | D98: =IFERROR(VLOOKUP(H98,KET!$B:$F,2,0),"") -> GRSM 4 | E98: =IFERROR(VLOOKUP(H98,KET!$B:$F,3,0),"") -> GARUT | F98: =IFERROR(VLOOKUP(H98,KET!$B:$F,4,0),"") -> FAHMI LUKMANUL HAKIM | G98: =IFERROR(VLOOKUP(H98,KET!$B:$F,5,0),"") -> GMM | H98: PRATAMA PUTRA BANYURESMI | I98: 320 | J98: 440 | K98: 280 | L98: 1760 | M98: =SUM(I98:L98) -> 2800 | N98: - | O98: - | P98: - | Q98: - | R98: =SUM(N98:Q98) -> 0
A99: 25 | B99: =IF(C99="","",UPPER(TEXT(C99, "MMM"))) -> JUN | C99: 46192 | D99: =IFERROR(VLOOKUP(H99,KET!$B:$F,2,0),"") -> GRSM 4 | E99: =IFERROR(VLOOKUP(H99,KET!$B:$F,3,0),"") -> KUNINGAN | F99: =IFERROR(VLOOKUP(H99,KET!$B:$F,4,0),"") -> FAHMI LUKMANUL HAKIM | G99: =IFERROR(VLOOKUP(H99,KET!$B:$F,5,0),"") -> GMM | H99: MITRA INDAH | I99: 292 | J99: 410 | K99: 762 | L99: 1884 | M99: =SUM(I99:L99) -> 3348 | N99: 292 | O99: 410 | P99: 695 | Q99: 1254 | R99: =SUM(N99:Q99) -> 2651
A100: 25 | B100: =IF(C100="","",UPPER(TEXT(C100, "MMM"))) -> JUN | C100: 46192 | D100: =IFERROR(VLOOKUP(H100,KET!$B:$F,2,0),"") -> GRSM 4 | E100: =IFERROR(VLOOKUP(H100,KET!$B:$F,3,0),"") -> KUNINGAN | F100: =IFERROR(VLOOKUP(H100,KET!$B:$F,4,0),"") -> FAHMI LUKMANUL HAKIM | G100: =IFERROR(VLOOKUP(H100,KET!$B:$F,5,0),"") -> GMM | H100: MITRA INDAH | I100: 292 | J100: 410 | K100: 695 | L100: 1254 | M100: =SUM(I100:L100) -> 2651 | N100: 246 | O100: 335 | P100: 645 | Q100: 1057 | R100: =SUM(N100:Q100) -> 2283
A101: 25 | B101: =IF(C101="","",UPPER(TEXT(C101, "MMM"))) -> JUN | C101: 46192 | D101: =IFERROR(VLOOKUP(H101,KET!$B:$F,2,0),"") -> GRSM 4 | E101: =IFERROR(VLOOKUP(H101,KET!$B:$F,3,0),"") -> KUNINGAN | F101: =IFERROR(VLOOKUP(H101,KET!$B:$F,4,0),"") -> FAHMI LUKMANUL HAKIM | G101: =IFERROR(VLOOKUP(H101,KET!$B:$F,5,0),"") -> GMM | H101: FAJAR JALAKSANA | I101: 1177 | J101: 409 | K101: 1155 | L101: 865 | M101: =SUM(I101:L101) -> 3606 | N101: 1099 | O101: 242 | P101: 1077 | Q101: 641 | R101: =SUM(N101:Q101) -> 3059
A102: 25 | B102: =IF(C102="","",UPPER(TEXT(C102, "MMM"))) -> JUN | C102: 46192 | D102: =IFERROR(VLOOKUP(H102,KET!$B:$F,2,0),"") -> GRSM 4 | E102: =IFERROR(VLOOKUP(H102,KET!$B:$F,3,0),"") -> KUNINGAN | F102: =IFERROR(VLOOKUP(H102,KET!$B:$F,4,0),"") -> FAHMI LUKMANUL HAKIM | G102: =IFERROR(VLOOKUP(H102,KET!$B:$F,5,0),"") -> GMM | H102: FAJAR JALAKSANA | I102: 1177 | J102: 409 | K102: 1155 | L102: 865 | M102: =SUM(I102:L102) -> 3606 | N102: 1099 | O102: 242 | P102: 1077 | Q102: 641 | R102: =SUM(N102:Q102) -> 3059
A103: 25 | B103: =IF(C103="","",UPPER(TEXT(C103, "MMM"))) -> JUN | C103: 46192 | D103: =IFERROR(VLOOKUP(H103,KET!$B:$F,2,0),"") -> GRSM 3A | E103: =IFERROR(VLOOKUP(H103,KET!$B:$F,3,0),"") -> SUKABUMI | F103: =IFERROR(VLOOKUP(H103,KET!$B:$F,4,0),"") -> FAHMI LUKMANUL HAKIM | G103: =IFERROR(VLOOKUP(H103,KET!$B:$F,5,0),"") -> GMM | H103: MULTI GROSIR STASIUN | I103: 267 | J103: 790 | K103: 614 | L103: 568 | M103: =SUM(I103:L103) -> 2239 | N103: 255 | O103: 775 | P103: 601 | Q103: 543 | R103: =SUM(N103:Q103) -> 2174
A104: 25 | B104: =IF(C104="","",UPPER(TEXT(C104, "MMM"))) -> JUN | C104: 46192 | D104: =IFERROR(VLOOKUP(H104,KET!$B:$F,2,0),"") -> GRSM 3A | E104: =IFERROR(VLOOKUP(H104,KET!$B:$F,3,0),"") -> SUKABUMI | F104: =IFERROR(VLOOKUP(H104,KET!$B:$F,4,0),"") -> FAHMI LUKMANUL HAKIM | G104: =IFERROR(VLOOKUP(H104,KET!$B:$F,5,0),"") -> GMM | H104: MULTI GROSIR STASIUN | I104: 267 | J104: 790 | K104: 614 | L104: 568 | M104: =SUM(I104:L104) -> 2239 | N104: 255 | O104: 775 | P104: 601 | Q104: 543 | R104: =SUM(N104:Q104) -> 2174
A105: 25 | B105: =IF(C105="","",UPPER(TEXT(C105, "MMM"))) -> JUN | C105: 46192 | D105: =IFERROR(VLOOKUP(H105,KET!$B:$F,2,0),"") -> GRSM 4 | E105: =IFERROR(VLOOKUP(H105,KET!$B:$F,3,0),"") -> BANDUNG | F105: =IFERROR(VLOOKUP(H105,KET!$B:$F,4,0),"") -> FAHMI LUKMANUL HAKIM | G105: =IFERROR(VLOOKUP(H105,KET!$B:$F,5,0),"") -> NKA | H105: GRIYA SUMEDANG | I105: 385 | J105: 1160 | K105: 675 | L105: 3860 | M105: =SUM(I105:L105) -> 6080 | N105: 365 | O105: 1040 | P105: 585 | Q105: 3730 | R105: =SUM(N105:Q105) -> 5720
A106: 25 | B106: =IF(C106="","",UPPER(TEXT(C106, "MMM"))) -> JUN | C106: 46192 | D106: =IFERROR(VLOOKUP(H106,KET!$B:$F,2,0),"") -> GRSM 4 | E106: =IFERROR(VLOOKUP(H106,KET!$B:$F,3,0),"") -> BANDUNG | F106: =IFERROR(VLOOKUP(H106,KET!$B:$F,4,0),"") -> FAHMI LUKMANUL HAKIM | G106: =IFERROR(VLOOKUP(H106,KET!$B:$F,5,0),"") -> NKA | H106: GRIYA SUMEDANG | I106: 385 | J106: 1160 | K106: 675 | L106: 3860 | M106: =SUM(I106:L106) -> 6080 | N106: 365 | O106: 1040 | P106: 585 | Q106: 3730 | R106: =SUM(N106:Q106) -> 5720
...
